title,download_href
回到八十年代做土地,http://www.yunxs.com/download/download.php?filetype=txt&filename=27727
踏破大千,http://www.yunxs.com/download/download.php?filetype=txt&filename=27730
热血江湖之正邪大战,http://www.yunxs.com/download/download.php?filetype=txt&filename=26050
快穿女配要上位,http://www.yunxs.com/download/download.php?filetype=txt&filename=27724
轮回之惊悚游戏,http://www.yunxs.com/download/download.php?filetype=txt&filename=27726
绝地求生之惊悚直播,http://www.yunxs.com/download/download.php?filetype=txt&filename=20622
快穿王者：英雄，开黑吗！,http://www.yunxs.com/download/download.php?filetype=txt&filename=25452
敛财人生[综].,http://www.yunxs.com/download/download.php?filetype=txt&filename=21934
绝世无双,http://www.yunxs.com/download/download.php?filetype=txt&filename=26194
英灵之剑,http://www.yunxs.com/download/download.php?filetype=txt&filename=26703
篮坛囧神,http://www.yunxs.com/download/download.php?filetype=txt&filename=25776
以后只准给我打辅助,http://www.yunxs.com/download/download.php?filetype=txt&filename=25245
金大腿,http://www.yunxs.com/download/download.php?filetype=txt&filename=25329
冰雪全能王,http://www.yunxs.com/download/download.php?filetype=txt&filename=25117
[综漫]我的情缘是男神,http://www.yunxs.com/download/download.php?filetype=txt&filename=25582
我是妖皇,http://www.yunxs.com/download/download.php?filetype=txt&filename=19765
篮坛大金刚,http://www.yunxs.com/download/download.php?filetype=txt&filename=25571
绝地求生之电竞巅峰,http://www.yunxs.com/download/download.php?filetype=txt&filename=25454
沐雨焚香曲,http://www.yunxs.com/download/download.php?filetype=txt&filename=19483
这个大神开外挂,http://www.yunxs.com/download/download.php?filetype=txt&filename=19923
捕手传说,http://www.yunxs.com/download/download.php?filetype=txt&filename=25082
所有人都想抱我大腿[星际],http://www.yunxs.com/download/download.php?filetype=txt&filename=19847
女主网游：第一女盗贼,http://www.yunxs.com/download/download.php?filetype=txt&filename=19842
这个宇宙是喵的！,http://www.yunxs.com/download/download.php?filetype=txt&filename=19838
网游之冰血魔骑,http://www.yunxs.com/download/download.php?filetype=txt&filename=19690
[综]头号炮灰,http://www.yunxs.com/download/download.php?filetype=txt&filename=19840
网游之至尊战神,http://www.yunxs.com/download/download.php?filetype=txt&filename=19849
网游之王者战神,http://www.yunxs.com/download/download.php?filetype=txt&filename=19629
图腾天王,http://www.yunxs.com/download/download.php?filetype=txt&filename=19284
英雄联盟之最强英雄,http://www.yunxs.com/download/download.php?filetype=txt&filename=19836
英雄联盟之巅峰王座,http://www.yunxs.com/download/download.php?filetype=txt&filename=19703
神级门派系统,http://www.yunxs.com/download/download.php?filetype=txt&filename=19731
非典型性中锋,http://www.yunxs.com/download/download.php?filetype=txt&filename=19778
英雄无敌之光明教主,http://www.yunxs.com/download/download.php?filetype=txt&filename=19205
回乡小农民,http://www.yunxs.com/download/download.php?filetype=txt&filename=19844
重返三百年,http://www.yunxs.com/download/download.php?filetype=txt&filename=19475
重生之领主时代,http://www.yunxs.com/download/download.php?filetype=txt&filename=19012
神级篮球皇帝,http://www.yunxs.com/download/download.php?filetype=txt&filename=18911
乒乓天王,http://www.yunxs.com/download/download.php?filetype=txt&filename=19948
极限足坛,http://www.yunxs.com/download/download.php?filetype=txt&filename=19773
异端者玩转英雄联盟,http://www.yunxs.com/download/download.php?filetype=txt&filename=19296
网游都市之神级土豪系统,http://www.yunxs.com/download/download.php?filetype=txt&filename=18882
梦幻西游大主播,http://www.yunxs.com/download/download.php?filetype=txt&filename=19312
揍敌客的自我修养[综],http://www.yunxs.com/download/download.php?filetype=txt&filename=19845
NBA万界商城,http://www.yunxs.com/download/download.php?filetype=txt&filename=19518
巅峰文明,http://www.yunxs.com/download/download.php?filetype=txt&filename=18887
叫我创界神,http://www.yunxs.com/download/download.php?filetype=txt&filename=19090
电影世界大红包,http://www.yunxs.com/download/download.php?filetype=txt&filename=27722
网游之王者再战,http://www.yunxs.com/download/download.php?filetype=txt&filename=18791
鬼侯爷,http://www.yunxs.com/download/download.php?filetype=txt&filename=17659
阴阳代理人,http://www.yunxs.com/download/download.php?filetype=txt&filename=17658
网游之幻世神偷,http://www.yunxs.com/download/download.php?filetype=txt&filename=17655
冥途传,http://www.yunxs.com/download/download.php?filetype=txt&filename=17656
植物人玩网游,http://www.yunxs.com/download/download.php?filetype=txt&filename=17653
女巫探长,http://www.yunxs.com/download/download.php?filetype=txt&filename=17641
人生拯救计划,http://www.yunxs.com/download/download.php?filetype=txt&filename=17645
赌狂之千王,http://www.yunxs.com/download/download.php?filetype=txt&filename=17648
杀出尸围,http://www.yunxs.com/download/download.php?filetype=txt&filename=17643
最终防线,http://www.yunxs.com/download/download.php?filetype=txt&filename=17636
烈戮之城,http://www.yunxs.com/download/download.php?filetype=txt&filename=17646
无限装逼,http://www.yunxs.com/download/download.php?filetype=txt&filename=17638
网游之天谴修罗,http://www.yunxs.com/download/download.php?filetype=txt&filename=17652
一始之源,http://www.yunxs.com/download/download.php?filetype=txt&filename=17639
最萌萝莉团,http://www.yunxs.com/download/download.php?filetype=txt&filename=17634
阴阳苦果,http://www.yunxs.com/download/download.php?filetype=txt&filename=17650
黑之侦探事务所,http://www.yunxs.com/download/download.php?filetype=txt&filename=17630
我的狐妖女友,http://www.yunxs.com/download/download.php?filetype=txt&filename=17625
苍穹上的异族,http://www.yunxs.com/download/download.php?filetype=txt&filename=17632
余生,http://www.yunxs.com/download/download.php?filetype=txt&filename=17610
穿越教之神鬼剑士,http://www.yunxs.com/download/download.php?filetype=txt&filename=17617
无限英灵神座,http://www.yunxs.com/download/download.php?filetype=txt&filename=17614
鬼菩萨,http://www.yunxs.com/download/download.php?filetype=txt&filename=17623
无尽变,http://www.yunxs.com/download/download.php?filetype=txt&filename=17619
苗疆道事,http://www.yunxs.com/download/download.php?filetype=txt&filename=17621
都市驱鬼录,http://www.yunxs.com/download/download.php?filetype=txt&filename=17627
无限之未来系统,http://www.yunxs.com/download/download.php?filetype=txt&filename=17608
末世之热血传奇,http://www.yunxs.com/download/download.php?filetype=txt&filename=17607
鬼道浮生录,http://www.yunxs.com/download/download.php?filetype=txt&filename=17612
黑暗时代,http://www.yunxs.com/download/download.php?filetype=txt&filename=17605
无尽噩梦,http://www.yunxs.com/download/download.php?filetype=txt&filename=17603
萌军舰娘,http://www.yunxs.com/download/download.php?filetype=txt&filename=17615
鬼影迷津,http://www.yunxs.com/download/download.php?filetype=txt&filename=17597
灵魂撕裂者,http://www.yunxs.com/download/download.php?filetype=txt&filename=17595
黑色纪元,http://www.yunxs.com/download/download.php?filetype=txt&filename=17629
神盾局叛徒,http://www.yunxs.com/download/download.php?filetype=txt&filename=17586
星之战场,http://www.yunxs.com/download/download.php?filetype=txt&filename=17584
姿势男的无限奇妙之旅,http://www.yunxs.com/download/download.php?filetype=txt&filename=17582
秦尸探闻,http://www.yunxs.com/download/download.php?filetype=txt&filename=17588
邪恶之手,http://www.yunxs.com/download/download.php?filetype=txt&filename=17590
地狱边境,http://www.yunxs.com/download/download.php?filetype=txt&filename=17594
诡异殿堂,http://www.yunxs.com/download/download.php?filetype=txt&filename=17592
星海之路,http://www.yunxs.com/download/download.php?filetype=txt&filename=17601
巨神王座,http://www.yunxs.com/download/download.php?filetype=txt&filename=17580
黑猫事务所,http://www.yunxs.com/download/download.php?filetype=txt&filename=17578
萌物世界,http://www.yunxs.com/download/download.php?filetype=txt&filename=17576
网游之妖魔横行,http://www.yunxs.com/download/download.php?filetype=txt&filename=17574
异甲神装,http://www.yunxs.com/download/download.php?filetype=txt&filename=17572
伏藏师,http://www.yunxs.com/download/download.php?filetype=txt&filename=17567
网游之不落的黄巾旗,http://www.yunxs.com/download/download.php?filetype=txt&filename=17565
神级复仇者,http://www.yunxs.com/download/download.php?filetype=txt&filename=17568
网游之混沌录,http://www.yunxs.com/download/download.php?filetype=txt&filename=17553
盗神挽天,http://www.yunxs.com/download/download.php?filetype=txt&filename=17547
半神文明,http://www.yunxs.com/download/download.php?filetype=txt&filename=17551
无限成就法神,http://www.yunxs.com/download/download.php?filetype=txt&filename=17555
无尽君临,http://www.yunxs.com/download/download.php?filetype=txt&filename=17549
探灵笔录,http://www.yunxs.com/download/download.php?filetype=txt&filename=17559
超能掌控,http://www.yunxs.com/download/download.php?filetype=txt&filename=17563
末世之狂暴盗贼,http://www.yunxs.com/download/download.php?filetype=txt&filename=17557
灵武奇迹,http://www.yunxs.com/download/download.php?filetype=txt&filename=17570
再世孔明,http://www.yunxs.com/download/download.php?filetype=txt&filename=17539
屠神游戏,http://www.yunxs.com/download/download.php?filetype=txt&filename=17561
和丧尸同行的日子,http://www.yunxs.com/download/download.php?filetype=txt&filename=17519
末日芳华,http://www.yunxs.com/download/download.php?filetype=txt&filename=17537
无尽星空世界,http://www.yunxs.com/download/download.php?filetype=txt&filename=17545
末世之虫族帝君,http://www.yunxs.com/download/download.php?filetype=txt&filename=17525
魔幻版主神成长日志,http://www.yunxs.com/download/download.php?filetype=txt&filename=17524
幻想乡少女不会种田,http://www.yunxs.com/download/download.php?filetype=txt&filename=17533
无限武装,http://www.yunxs.com/download/download.php?filetype=txt&filename=17517
末日之舞,http://www.yunxs.com/download/download.php?filetype=txt&filename=17535
网游之夜宿苍穹,http://www.yunxs.com/download/download.php?filetype=txt&filename=17531
全职大反派,http://www.yunxs.com/download/download.php?filetype=txt&filename=17527
无尽天择,http://www.yunxs.com/download/download.php?filetype=txt&filename=17529
穿越者事务所,http://www.yunxs.com/download/download.php?filetype=txt&filename=17521
执刑无限,http://www.yunxs.com/download/download.php?filetype=txt&filename=17543
枪神纪之枪神觉醒,http://www.yunxs.com/download/download.php?filetype=txt&filename=17516
神级反派,http://www.yunxs.com/download/download.php?filetype=txt&filename=17495
全球惊变,http://www.yunxs.com/download/download.php?filetype=txt&filename=17500
综漫的水晶宫,http://www.yunxs.com/download/download.php?filetype=txt&filename=17514
时空旅行者的探险队,http://www.yunxs.com/download/download.php?filetype=txt&filename=17512
无敌大领主,http://www.yunxs.com/download/download.php?filetype=txt&filename=17510
仙壶农庄,http://www.yunxs.com/download/download.php?filetype=txt&filename=17506
最终之城,http://www.yunxs.com/download/download.php?filetype=txt&filename=17502
机甲玄战,http://www.yunxs.com/download/download.php?filetype=txt&filename=17496
最燃圣斗士系统,http://www.yunxs.com/download/download.php?filetype=txt&filename=17508
末世之天继,http://www.yunxs.com/download/download.php?filetype=txt&filename=17493
榾芽计划,http://www.yunxs.com/download/download.php?filetype=txt&filename=17541
拿无限当单机,http://www.yunxs.com/download/download.php?filetype=txt&filename=17491
墓斋记,http://www.yunxs.com/download/download.php?filetype=txt&filename=17504
街机时空秘闻录,http://www.yunxs.com/download/download.php?filetype=txt&filename=17599
星河之蛮尊,http://www.yunxs.com/download/download.php?filetype=txt&filename=17498
东北惊奇先生,http://www.yunxs.com/download/download.php?filetype=txt&filename=17419
月城审判,http://www.yunxs.com/download/download.php?filetype=txt&filename=17421
斗擎,http://www.yunxs.com/download/download.php?filetype=txt&filename=17417
星河巫妖,http://www.yunxs.com/download/download.php?filetype=txt&filename=17415
次元都市,http://www.yunxs.com/download/download.php?filetype=txt&filename=17413
遗憾弥补系统,http://www.yunxs.com/download/download.php?filetype=txt&filename=17411
神话位面,http://www.yunxs.com/download/download.php?filetype=txt&filename=17405
我和女友的逆乱青春,http://www.yunxs.com/download/download.php?filetype=txt&filename=17407
不死道长,http://www.yunxs.com/download/download.php?filetype=txt&filename=17409
时空军火商,http://www.yunxs.com/download/download.php?filetype=txt&filename=17403
无尽潜能,http://www.yunxs.com/download/download.php?filetype=txt&filename=17399
网游之红警在线,http://www.yunxs.com/download/download.php?filetype=txt&filename=17401
我和冥夫的那点事儿,http://www.yunxs.com/download/download.php?filetype=txt&filename=17397
末世之基因掌控,http://www.yunxs.com/download/download.php?filetype=txt&filename=17395
星球逃亡,http://www.yunxs.com/download/download.php?filetype=txt&filename=17393
超位面征服系统,http://www.yunxs.com/download/download.php?filetype=txt&filename=17391
重生之凌驾者,http://www.yunxs.com/download/download.php?filetype=txt&filename=17389
站在食物链顶端的男人,http://www.yunxs.com/download/download.php?filetype=txt&filename=17487
重回无限,http://www.yunxs.com/download/download.php?filetype=txt&filename=17482
神殖武力,http://www.yunxs.com/download/download.php?filetype=txt&filename=17489
阴阳散仙,http://www.yunxs.com/download/download.php?filetype=txt&filename=17484
民调局异闻录后传,http://www.yunxs.com/download/download.php?filetype=txt&filename=17486
京城诡事,http://www.yunxs.com/download/download.php?filetype=txt&filename=17470
墓迷,http://www.yunxs.com/download/download.php?filetype=txt&filename=17387
逆战之异种病毒,http://www.yunxs.com/download/download.php?filetype=txt&filename=17474
超级电视,http://www.yunxs.com/download/download.php?filetype=txt&filename=17480
超能幸存者,http://www.yunxs.com/download/download.php?filetype=txt&filename=17472
星海之无尽征途,http://www.yunxs.com/download/download.php?filetype=txt&filename=17478
神话穿越,http://www.yunxs.com/download/download.php?filetype=txt&filename=17476
星战神皇,http://www.yunxs.com/download/download.php?filetype=txt&filename=17385
我家师傅被宅女拐跑了,http://www.yunxs.com/download/download.php?filetype=txt&filename=17475
死亡名单,http://www.yunxs.com/download/download.php?filetype=txt&filename=17452
我的盗墓生涯,http://www.yunxs.com/download/download.php?filetype=txt&filename=17463
阴阳代理人之改命师,http://www.yunxs.com/download/download.php?filetype=txt&filename=17384
时空当铺,http://www.yunxs.com/download/download.php?filetype=txt&filename=17455
全球怪物在线,http://www.yunxs.com/download/download.php?filetype=txt&filename=17457
末日技能树,http://www.yunxs.com/download/download.php?filetype=txt&filename=17454
末世兽医,http://www.yunxs.com/download/download.php?filetype=txt&filename=17461
进击的人类,http://www.yunxs.com/download/download.php?filetype=txt&filename=17459
丧尸王的征途,http://www.yunxs.com/download/download.php?filetype=txt&filename=17465
新闪电侠漫威重生,http://www.yunxs.com/download/download.php?filetype=txt&filename=17453
我有个末世世界,http://www.yunxs.com/download/download.php?filetype=txt&filename=17468
阴山鬼话,http://www.yunxs.com/download/download.php?filetype=txt&filename=17451
美漫大幻想,http://www.yunxs.com/download/download.php?filetype=txt&filename=17467
最强进化之末世为王,http://www.yunxs.com/download/download.php?filetype=txt&filename=17382
星期五有鬼,http://www.yunxs.com/download/download.php?filetype=txt&filename=17446
末都尸帝,http://www.yunxs.com/download/download.php?filetype=txt&filename=17441
登天浮屠,http://www.yunxs.com/download/download.php?filetype=txt&filename=17445
鲜血神座,http://www.yunxs.com/download/download.php?filetype=txt&filename=17435
墓盗诡影,http://www.yunxs.com/download/download.php?filetype=txt&filename=17437
末世机械师,http://www.yunxs.com/download/download.php?filetype=txt&filename=17443
最强超级英雄,http://www.yunxs.com/download/download.php?filetype=txt&filename=17433
星海圣人,http://www.yunxs.com/download/download.php?filetype=txt&filename=17431
一击魔法师,http://www.yunxs.com/download/download.php?filetype=txt&filename=17434
星际逆袭日记,http://www.yunxs.com/download/download.php?filetype=txt&filename=17439
战萝军神,http://www.yunxs.com/download/download.php?filetype=txt&filename=17377
夜郎驱鬼录,http://www.yunxs.com/download/download.php?filetype=txt&filename=17375
妙花神探与长靴终结者,http://www.yunxs.com/download/download.php?filetype=txt&filename=17371
GT病毒进化者,http://www.yunxs.com/download/download.php?filetype=txt&filename=17373
无限漫威之黑侠传记,http://www.yunxs.com/download/download.php?filetype=txt&filename=17449
位面冒险之旅,http://www.yunxs.com/download/download.php?filetype=txt&filename=17447
末世之大时代,http://www.yunxs.com/download/download.php?filetype=txt&filename=17359
古镇灵异医生,http://www.yunxs.com/download/download.php?filetype=txt&filename=17357
地狱公寓异化,http://www.yunxs.com/download/download.php?filetype=txt&filename=17367
全面进化,http://www.yunxs.com/download/download.php?filetype=txt&filename=17425
超现代魔法使,http://www.yunxs.com/download/download.php?filetype=txt&filename=17428
鬼玺,http://www.yunxs.com/download/download.php?filetype=txt&filename=17365
人鬼录之人鬼同在,http://www.yunxs.com/download/download.php?filetype=txt&filename=17369
大灾变,http://www.yunxs.com/download/download.php?filetype=txt&filename=17363
苗疆蛊墓,http://www.yunxs.com/download/download.php?filetype=txt&filename=17361
复仇者联盟里的剑仙,http://www.yunxs.com/download/download.php?filetype=txt&filename=17427
空想舰娘,http://www.yunxs.com/download/download.php?filetype=txt&filename=17379
鬼撩衣,http://www.yunxs.com/download/download.php?filetype=txt&filename=17429
生化时空,http://www.yunxs.com/download/download.php?filetype=txt&filename=17423
寂静杀戮,http://www.yunxs.com/download/download.php?filetype=txt&filename=17381
入侵型月,http://www.yunxs.com/download/download.php?filetype=txt&filename=17430
无限典狱长,http://www.yunxs.com/download/download.php?filetype=txt&filename=17352
无限影视能力者,http://www.yunxs.com/download/download.php?filetype=txt&filename=17348
入侵武侠世界,http://www.yunxs.com/download/download.php?filetype=txt&filename=17356
亡灵摆渡人,http://www.yunxs.com/download/download.php?filetype=txt&filename=17337
完美化身,http://www.yunxs.com/download/download.php?filetype=txt&filename=17343
末世之重生成树,http://www.yunxs.com/download/download.php?filetype=txt&filename=17347
恐怖剧本,http://www.yunxs.com/download/download.php?filetype=txt&filename=17345
亡灵终曲,http://www.yunxs.com/download/download.php?filetype=txt&filename=17341
我给女鬼打工那些年,http://www.yunxs.com/download/download.php?filetype=txt&filename=17350
黄泉十三灵,http://www.yunxs.com/download/download.php?filetype=txt&filename=17339
活人禁忌,http://www.yunxs.com/download/download.php?filetype=txt&filename=17354
末世猎魔人,http://www.yunxs.com/download/download.php?filetype=txt&filename=17314
星际小道士,http://www.yunxs.com/download/download.php?filetype=txt&filename=17326
萝莉三国,http://www.yunxs.com/download/download.php?filetype=txt&filename=17316
足球豪门,http://www.yunxs.com/download/download.php?filetype=txt&filename=17320
魔法威龙,http://www.yunxs.com/download/download.php?filetype=txt&filename=17335
超能科技,http://www.yunxs.com/download/download.php?filetype=txt&filename=17318
末世战狼,http://www.yunxs.com/download/download.php?filetype=txt&filename=17328
永恒黎明,http://www.yunxs.com/download/download.php?filetype=txt&filename=17324
死神列车,http://www.yunxs.com/download/download.php?filetype=txt&filename=17322
时空主宰养成记,http://www.yunxs.com/download/download.php?filetype=txt&filename=17312
地狱萌宠,http://www.yunxs.com/download/download.php?filetype=txt&filename=17330
八云家的大少爷,http://www.yunxs.com/download/download.php?filetype=txt&filename=17321
魅力难挡之鬼话聊斋,http://www.yunxs.com/download/download.php?filetype=txt&filename=17334
猎尸者,http://www.yunxs.com/download/download.php?filetype=txt&filename=17309
美人尸香,http://www.yunxs.com/download/download.php?filetype=txt&filename=17303
我在末世有个猎人号,http://www.yunxs.com/download/download.php?filetype=txt&filename=17307
位面之最强绿巨人,http://www.yunxs.com/download/download.php?filetype=txt&filename=17296
末世权力,http://www.yunxs.com/download/download.php?filetype=txt&filename=17305
无限之升级系统,http://www.yunxs.com/download/download.php?filetype=txt&filename=17299
我和冥夫的那点事儿,http://www.yunxs.com/download/download.php?filetype=txt&filename=17301
星河圣堂,http://www.yunxs.com/download/download.php?filetype=txt&filename=17294
星河霸血,http://www.yunxs.com/download/download.php?filetype=txt&filename=17289
恐怖高校,http://www.yunxs.com/download/download.php?filetype=txt&filename=17298
信仰封神,http://www.yunxs.com/download/download.php?filetype=txt&filename=17292
降临武侠之门,http://www.yunxs.com/download/download.php?filetype=txt&filename=17290
紫阳,http://www.yunxs.com/download/download.php?filetype=txt&filename=17288
灾厄纪元,http://www.yunxs.com/download/download.php?filetype=txt&filename=17282
无限之大地怒吼,http://www.yunxs.com/download/download.php?filetype=txt&filename=17286
诡案追凶,http://www.yunxs.com/download/download.php?filetype=txt&filename=17280
国王的战争,http://www.yunxs.com/download/download.php?filetype=txt&filename=17277
鬼在你心里,http://www.yunxs.com/download/download.php?filetype=txt&filename=17284
灭世之门,http://www.yunxs.com/download/download.php?filetype=txt&filename=17271
心界纵横,http://www.yunxs.com/download/download.php?filetype=txt&filename=17269
萌宅千姬变,http://www.yunxs.com/download/download.php?filetype=txt&filename=17275
英雄联盟好友圈,http://www.yunxs.com/download/download.php?filetype=txt&filename=17272
从电影世界中走出的强者,http://www.yunxs.com/download/download.php?filetype=txt&filename=17273
最强复制霸主,http://www.yunxs.com/download/download.php?filetype=txt&filename=17278
墓影仙踪,http://www.yunxs.com/download/download.php?filetype=txt&filename=17332
我的男神不是人,http://www.yunxs.com/download/download.php?filetype=txt&filename=17267
聊斋奇谭,http://www.yunxs.com/download/download.php?filetype=txt&filename=17261
鬼语怪谈,http://www.yunxs.com/download/download.php?filetype=txt&filename=17263
末日领主,http://www.yunxs.com/download/download.php?filetype=txt&filename=17264
妖怪王,http://www.yunxs.com/download/download.php?filetype=txt&filename=17257
天国游戏,http://www.yunxs.com/download/download.php?filetype=txt&filename=17265
吴限宇宙,http://www.yunxs.com/download/download.php?filetype=txt&filename=17259
捕梦猎人,http://www.yunxs.com/download/download.php?filetype=txt&filename=17255
半仙文明,http://www.yunxs.com/download/download.php?filetype=txt&filename=17242
猎魂纪元,http://www.yunxs.com/download/download.php?filetype=txt&filename=17253
巫女拯救者,http://www.yunxs.com/download/download.php?filetype=txt&filename=17240
重生之聂小倩,http://www.yunxs.com/download/download.php?filetype=txt&filename=17245
古越二八纪,http://www.yunxs.com/download/download.php?filetype=txt&filename=17247
涉世魂灵,http://www.yunxs.com/download/download.php?filetype=txt&filename=17243
凶宅笔记,http://www.yunxs.com/download/download.php?filetype=txt&filename=17249
末日精神病院,http://www.yunxs.com/download/download.php?filetype=txt&filename=17251
银河暴徒,http://www.yunxs.com/download/download.php?filetype=txt&filename=17236
我在广西养小鬼,http://www.yunxs.com/download/download.php?filetype=txt&filename=17238
我的灵媒女友,http://www.yunxs.com/download/download.php?filetype=txt&filename=17233
未来尽头,http://www.yunxs.com/download/download.php?filetype=txt&filename=17227
我的主神是团长,http://www.yunxs.com/download/download.php?filetype=txt&filename=17235
丧尸女友林墨儿,http://www.yunxs.com/download/download.php?filetype=txt&filename=17219
城战系统,http://www.yunxs.com/download/download.php?filetype=txt&filename=17223
末世江湖行,http://www.yunxs.com/download/download.php?filetype=txt&filename=17222
斗神武装,http://www.yunxs.com/download/download.php?filetype=txt&filename=17217
现实兑换器,http://www.yunxs.com/download/download.php?filetype=txt&filename=17215
末世刀塔卡牌风暴,http://www.yunxs.com/download/download.php?filetype=txt&filename=17213
未来尽头,http://www.yunxs.com/download/download.php?filetype=txt&filename=17229
昙香客栈,http://www.yunxs.com/download/download.php?filetype=txt&filename=17225
恐怖网文,http://www.yunxs.com/download/download.php?filetype=txt&filename=17221
最强丧尸传说,http://www.yunxs.com/download/download.php?filetype=txt&filename=17197
星际神权,http://www.yunxs.com/download/download.php?filetype=txt&filename=17311
位面旅行之神的玩具,http://www.yunxs.com/download/download.php?filetype=txt&filename=17205
神墓仙途,http://www.yunxs.com/download/download.php?filetype=txt&filename=17202
搬山盗墓,http://www.yunxs.com/download/download.php?filetype=txt&filename=17208
垂钓星空,http://www.yunxs.com/download/download.php?filetype=txt&filename=17201
位面大穿越,http://www.yunxs.com/download/download.php?filetype=txt&filename=17204
我是个阴婚司仪,http://www.yunxs.com/download/download.php?filetype=txt&filename=17209
时空收割者,http://www.yunxs.com/download/download.php?filetype=txt&filename=17188
无限之复制,http://www.yunxs.com/download/download.php?filetype=txt&filename=17186
神话世界大穿越,http://www.yunxs.com/download/download.php?filetype=txt&filename=17199
死神预言,http://www.yunxs.com/download/download.php?filetype=txt&filename=17195
无限的大冒险,http://www.yunxs.com/download/download.php?filetype=txt&filename=17190
纪元崛起,http://www.yunxs.com/download/download.php?filetype=txt&filename=17184
求生之捉只丧尸当女友,http://www.yunxs.com/download/download.php?filetype=txt&filename=17193
星战风暴,http://www.yunxs.com/download/download.php?filetype=txt&filename=17192
天国游戏,http://www.yunxs.com/download/download.php?filetype=txt&filename=17206
星际之死神传奇,http://www.yunxs.com/download/download.php?filetype=txt&filename=17211
死神手札,http://www.yunxs.com/download/download.php?filetype=txt&filename=17180
末世之异种崛起,http://www.yunxs.com/download/download.php?filetype=txt&filename=17178
bug之神,http://www.yunxs.com/download/download.php?filetype=txt&filename=17181
全职猎人之蚁王综漫,http://www.yunxs.com/download/download.php?filetype=txt&filename=17175
鬼神异图,http://www.yunxs.com/download/download.php?filetype=txt&filename=17182
三十二号避难所,http://www.yunxs.com/download/download.php?filetype=txt&filename=17173
12亿武装女仆的皇帝,http://www.yunxs.com/download/download.php?filetype=txt&filename=17169
术仕,http://www.yunxs.com/download/download.php?filetype=txt&filename=17176
鬼纹人,http://www.yunxs.com/download/download.php?filetype=txt&filename=17167
捉鬼记事薄,http://www.yunxs.com/download/download.php?filetype=txt&filename=17165
末世之三分钟英雄,http://www.yunxs.com/download/download.php?filetype=txt&filename=17163
网游之我是终极大BOSS,http://www.yunxs.com/download/download.php?filetype=txt&filename=17171
末世之百万美女兵团,http://www.yunxs.com/download/download.php?filetype=txt&filename=17158
电影世界的无限旅程,http://www.yunxs.com/download/download.php?filetype=txt&filename=17154
小兵派,http://www.yunxs.com/download/download.php?filetype=txt&filename=17159
无限的冒险,http://www.yunxs.com/download/download.php?filetype=txt&filename=17150
无限恐怖之机械师,http://www.yunxs.com/download/download.php?filetype=txt&filename=17156
无限时空幻想,http://www.yunxs.com/download/download.php?filetype=txt&filename=17152
我的大脑里有座地府,http://www.yunxs.com/download/download.php?filetype=txt&filename=17147
医入警门,http://www.yunxs.com/download/download.php?filetype=txt&filename=17145
某崩坏的型月世界,http://www.yunxs.com/download/download.php?filetype=txt&filename=17143
超神级穿越,http://www.yunxs.com/download/download.php?filetype=txt&filename=17149
入侵玄幻文明,http://www.yunxs.com/download/download.php?filetype=txt&filename=17141
无尽之门,http://www.yunxs.com/download/download.php?filetype=txt&filename=17138
末日危机之嗜血藤,http://www.yunxs.com/download/download.php?filetype=txt&filename=17136
超级虫洞,http://www.yunxs.com/download/download.php?filetype=txt&filename=17161
无限刺激,http://www.yunxs.com/download/download.php?filetype=txt&filename=17126
我是圣光骑士,http://www.yunxs.com/download/download.php?filetype=txt&filename=17134
无限幻世录,http://www.yunxs.com/download/download.php?filetype=txt&filename=17124
无限动漫之天才系统,http://www.yunxs.com/download/download.php?filetype=txt&filename=17128
末世超级商城,http://www.yunxs.com/download/download.php?filetype=txt&filename=17121
追求永生的旅人,http://www.yunxs.com/download/download.php?filetype=txt&filename=17119
有关部门见闻录,http://www.yunxs.com/download/download.php?filetype=txt&filename=17130
涉世魂灵,http://www.yunxs.com/download/download.php?filetype=txt&filename=17117
宇宙最强,http://www.yunxs.com/download/download.php?filetype=txt&filename=17123
无限之黑暗法则,http://www.yunxs.com/download/download.php?filetype=txt&filename=17105
漫威之战无止境,http://www.yunxs.com/download/download.php?filetype=txt&filename=17113
时空行走者,http://www.yunxs.com/download/download.php?filetype=txt&filename=17132
鬼敲棺之善恶有报,http://www.yunxs.com/download/download.php?filetype=txt&filename=17109
星河玄门,http://www.yunxs.com/download/download.php?filetype=txt&filename=17140
无限召唤大师,http://www.yunxs.com/download/download.php?filetype=txt&filename=17115
末世杀圣,http://www.yunxs.com/download/download.php?filetype=txt&filename=17107
美剧大冒险,http://www.yunxs.com/download/download.php?filetype=txt&filename=17111
剑神轮回,http://www.yunxs.com/download/download.php?filetype=txt&filename=17231
神不爱世人,http://www.yunxs.com/download/download.php?filetype=txt&filename=17099
行走阴阳,http://www.yunxs.com/download/download.php?filetype=txt&filename=17103
环印末世,http://www.yunxs.com/download/download.php?filetype=txt&filename=17101
斗破之万界主宰,http://www.yunxs.com/download/download.php?filetype=txt&filename=17093
重临末日,http://www.yunxs.com/download/download.php?filetype=txt&filename=17083
生化世界归来,http://www.yunxs.com/download/download.php?filetype=txt&filename=17085
女神的阴阳顾问,http://www.yunxs.com/download/download.php?filetype=txt&filename=17079
最佳反派,http://www.yunxs.com/download/download.php?filetype=txt&filename=17091
重启末世,http://www.yunxs.com/download/download.php?filetype=txt&filename=17088
真实武力,http://www.yunxs.com/download/download.php?filetype=txt&filename=17089
异能狂潮,http://www.yunxs.com/download/download.php?filetype=txt&filename=17097
超级机器人分身,http://www.yunxs.com/download/download.php?filetype=txt&filename=17087
魔仙罪,http://www.yunxs.com/download/download.php?filetype=txt&filename=17081
卧底修真圈,http://www.yunxs.com/download/download.php?filetype=txt&filename=17077
梦境边缘,http://www.yunxs.com/download/download.php?filetype=txt&filename=17062
无限之龙裔降临,http://www.yunxs.com/download/download.php?filetype=txt&filename=17066
黑暗血时代,http://www.yunxs.com/download/download.php?filetype=txt&filename=17068
漫威世界里的炼金术师,http://www.yunxs.com/download/download.php?filetype=txt&filename=17075
末世生存大师,http://www.yunxs.com/download/download.php?filetype=txt&filename=17064
超品方士,http://www.yunxs.com/download/download.php?filetype=txt&filename=17074
重生室友爱上我,http://www.yunxs.com/download/download.php?filetype=txt&filename=17060
神级灵魂,http://www.yunxs.com/download/download.php?filetype=txt&filename=17056
万能重生系统,http://www.yunxs.com/download/download.php?filetype=txt&filename=17072
阴阳衙门,http://www.yunxs.com/download/download.php?filetype=txt&filename=17070
古墓密码,http://www.yunxs.com/download/download.php?filetype=txt&filename=17052
听灵师,http://www.yunxs.com/download/download.php?filetype=txt&filename=17050
女鬼嫁官,http://www.yunxs.com/download/download.php?filetype=txt&filename=17048
末世之淘汰游戏,http://www.yunxs.com/download/download.php?filetype=txt&filename=17054
少女纪元,http://www.yunxs.com/download/download.php?filetype=txt&filename=17045
全方位幻想,http://www.yunxs.com/download/download.php?filetype=txt&filename=17047
通灵猎人,http://www.yunxs.com/download/download.php?filetype=txt&filename=17043
我真是老司机,http://www.yunxs.com/download/download.php?filetype=txt&filename=17029
原罪救赎,http://www.yunxs.com/download/download.php?filetype=txt&filename=17035
岳高的超日常,http://www.yunxs.com/download/download.php?filetype=txt&filename=17039
末世之绝世剑仙,http://www.yunxs.com/download/download.php?filetype=txt&filename=17041
超能纪元,http://www.yunxs.com/download/download.php?filetype=txt&filename=17031
科技主宰,http://www.yunxs.com/download/download.php?filetype=txt&filename=17026
拂晓的王牌,http://www.yunxs.com/download/download.php?filetype=txt&filename=17028
网游之战无不胜,http://www.yunxs.com/download/download.php?filetype=txt&filename=17037
铁血王座,http://www.yunxs.com/download/download.php?filetype=txt&filename=17022
世界级安逸,http://www.yunxs.com/download/download.php?filetype=txt&filename=17024
自由旌旗,http://www.yunxs.com/download/download.php?filetype=txt&filename=17025
诡域迷踪,http://www.yunxs.com/download/download.php?filetype=txt&filename=17016
位面之永恒,http://www.yunxs.com/download/download.php?filetype=txt&filename=17012
带着超市去末世,http://www.yunxs.com/download/download.php?filetype=txt&filename=17005
最后一个隐门道士,http://www.yunxs.com/download/download.php?filetype=txt&filename=17010
我的超神空间,http://www.yunxs.com/download/download.php?filetype=txt&filename=17008
超时空黑暗交易网,http://www.yunxs.com/download/download.php?filetype=txt&filename=17023
捉蛊记,http://www.yunxs.com/download/download.php?filetype=txt&filename=17006
无限重生录,http://www.yunxs.com/download/download.php?filetype=txt&filename=17014
火影之疯狂的体术,http://www.yunxs.com/download/download.php?filetype=txt&filename=17020
末世之本源进化,http://www.yunxs.com/download/download.php?filetype=txt&filename=17018
史上最强主播,http://www.yunxs.com/download/download.php?filetype=txt&filename=17003
五门列传,http://www.yunxs.com/download/download.php?filetype=txt&filename=17001
关于世界的一己之见,http://www.yunxs.com/download/download.php?filetype=txt&filename=16997
娶个女鬼老婆,http://www.yunxs.com/download/download.php?filetype=txt&filename=16989
尸妻,http://www.yunxs.com/download/download.php?filetype=txt&filename=16995
建造帝国,http://www.yunxs.com/download/download.php?filetype=txt&filename=16983
阴妻当道,http://www.yunxs.com/download/download.php?filetype=txt&filename=16993
绝美冥妻,http://www.yunxs.com/download/download.php?filetype=txt&filename=16987
次元主神创建者,http://www.yunxs.com/download/download.php?filetype=txt&filename=17004
云起星澜,http://www.yunxs.com/download/download.php?filetype=txt&filename=16999
位面炮灰急救站,http://www.yunxs.com/download/download.php?filetype=txt&filename=16985
噬剑诛天,http://www.yunxs.com/download/download.php?filetype=txt&filename=17058
地球纪元,http://www.yunxs.com/download/download.php?filetype=txt&filename=16973
卜卦天师,http://www.yunxs.com/download/download.php?filetype=txt&filename=16991
诡门十三针,http://www.yunxs.com/download/download.php?filetype=txt&filename=16977
捉鬼同学,http://www.yunxs.com/download/download.php?filetype=txt&filename=16979
鬼灵神偷,http://www.yunxs.com/download/download.php?filetype=txt&filename=16981
神瞳之最强穿梭,http://www.yunxs.com/download/download.php?filetype=txt&filename=16975
二次元供应商,http://www.yunxs.com/download/download.php?filetype=txt&filename=16967
末日边缘,http://www.yunxs.com/download/download.php?filetype=txt&filename=16971
老九门,http://www.yunxs.com/download/download.php?filetype=txt&filename=16965
漫威之冬日战士,http://www.yunxs.com/download/download.php?filetype=txt&filename=16963
二次元之悠闲,http://www.yunxs.com/download/download.php?filetype=txt&filename=16961
颤栗世界,http://www.yunxs.com/download/download.php?filetype=txt&filename=16956
超级演化,http://www.yunxs.com/download/download.php?filetype=txt&filename=16969
末世公寓,http://www.yunxs.com/download/download.php?filetype=txt&filename=16959
漫威之英雄系统,http://www.yunxs.com/download/download.php?filetype=txt&filename=16957
次元钓客,http://www.yunxs.com/download/download.php?filetype=txt&filename=16954
超越进化,http://www.yunxs.com/download/download.php?filetype=txt&filename=16950
恶灵囚室,http://www.yunxs.com/download/download.php?filetype=txt&filename=16952
科技至圣,http://www.yunxs.com/download/download.php?filetype=txt&filename=17095
借阴骨,http://www.yunxs.com/download/download.php?filetype=txt&filename=16935
全民幻想时代,http://www.yunxs.com/download/download.php?filetype=txt&filename=16948
吃鬼的男孩,http://www.yunxs.com/download/download.php?filetype=txt&filename=16932
调教水浒,http://www.yunxs.com/download/download.php?filetype=txt&filename=16943
科技巨头,http://www.yunxs.com/download/download.php?filetype=txt&filename=16933
丧魂天师,http://www.yunxs.com/download/download.php?filetype=txt&filename=16930
美漫的无限,http://www.yunxs.com/download/download.php?filetype=txt&filename=16937
末世天绝,http://www.yunxs.com/download/download.php?filetype=txt&filename=16939
位面动力火车,http://www.yunxs.com/download/download.php?filetype=txt&filename=16944
番茄之最强神话,http://www.yunxs.com/download/download.php?filetype=txt&filename=16941
罪恶成神,http://www.yunxs.com/download/download.php?filetype=txt&filename=16946
鬼妻,http://www.yunxs.com/download/download.php?filetype=txt&filename=16928
玩命,http://www.yunxs.com/download/download.php?filetype=txt&filename=16926
三年E班的暗杀者,http://www.yunxs.com/download/download.php?filetype=txt&filename=16924
人族训练场,http://www.yunxs.com/download/download.php?filetype=txt&filename=16922
来自阴间的新娘,http://www.yunxs.com/download/download.php?filetype=txt&filename=16908
末世之虐杀原形,http://www.yunxs.com/download/download.php?filetype=txt&filename=16906
主播真会玩,http://www.yunxs.com/download/download.php?filetype=txt&filename=16904
从一开始就无敌,http://www.yunxs.com/download/download.php?filetype=txt&filename=16895
位面投资大鳄,http://www.yunxs.com/download/download.php?filetype=txt&filename=16918
重生之末日主宰,http://www.yunxs.com/download/download.php?filetype=txt&filename=16913
掠夺在电影世界,http://www.yunxs.com/download/download.php?filetype=txt&filename=16915
超科技狂潮,http://www.yunxs.com/download/download.php?filetype=txt&filename=16900
里番提督从良路,http://www.yunxs.com/download/download.php?filetype=txt&filename=16902
无限超级幻想,http://www.yunxs.com/download/download.php?filetype=txt&filename=16897
暗夜王者,http://www.yunxs.com/download/download.php?filetype=txt&filename=16899
宠物小精灵之存档超人,http://www.yunxs.com/download/download.php?filetype=txt&filename=16920
漫威无双,http://www.yunxs.com/download/download.php?filetype=txt&filename=16912
崩坏召唤,http://www.yunxs.com/download/download.php?filetype=txt&filename=16916
幻想娘西游,http://www.yunxs.com/download/download.php?filetype=txt&filename=16884
末日土行者,http://www.yunxs.com/download/download.php?filetype=txt&filename=16892
末世尘光,http://www.yunxs.com/download/download.php?filetype=txt&filename=16891
军火为王,http://www.yunxs.com/download/download.php?filetype=txt&filename=16877
钟馗是我把兄弟,http://www.yunxs.com/download/download.php?filetype=txt&filename=16880
司徒山空传,http://www.yunxs.com/download/download.php?filetype=txt&filename=16886
食戟之田中秋,http://www.yunxs.com/download/download.php?filetype=txt&filename=16882
超武文娱,http://www.yunxs.com/download/download.php?filetype=txt&filename=16893
无限道者,http://www.yunxs.com/download/download.php?filetype=txt&filename=16875
无限动漫录,http://www.yunxs.com/download/download.php?filetype=txt&filename=16879
我的妹妹不可能是女巫,http://www.yunxs.com/download/download.php?filetype=txt&filename=16888
我的电影世界,http://www.yunxs.com/download/download.php?filetype=txt&filename=16910
人类大时代,http://www.yunxs.com/download/download.php?filetype=txt&filename=16861
废土之上,http://www.yunxs.com/download/download.php?filetype=txt&filename=16853
我的契约女神,http://www.yunxs.com/download/download.php?filetype=txt&filename=16857
超时空之城,http://www.yunxs.com/download/download.php?filetype=txt&filename=16871
惊魂超市,http://www.yunxs.com/download/download.php?filetype=txt&filename=16868
八神太二的自我修养,http://www.yunxs.com/download/download.php?filetype=txt&filename=16870
假死365天,http://www.yunxs.com/download/download.php?filetype=txt&filename=16859
黑科技图书馆,http://www.yunxs.com/download/download.php?filetype=txt&filename=16873
人间地狱,http://www.yunxs.com/download/download.php?filetype=txt&filename=16855
茅山后裔,http://www.yunxs.com/download/download.php?filetype=txt&filename=16862
无限炼金术师,http://www.yunxs.com/download/download.php?filetype=txt&filename=16866
宅男的战争,http://www.yunxs.com/download/download.php?filetype=txt&filename=16864
幻界游灵,http://www.yunxs.com/download/download.php?filetype=txt&filename=16834
变身文娱女神,http://www.yunxs.com/download/download.php?filetype=txt&filename=16832
末世之红警崛起,http://www.yunxs.com/download/download.php?filetype=txt&filename=16848
无限体验人生,http://www.yunxs.com/download/download.php?filetype=txt&filename=16828
美漫大爆炸,http://www.yunxs.com/download/download.php?filetype=txt&filename=16840
冥妻,http://www.yunxs.com/download/download.php?filetype=txt&filename=16836
天官诡印,http://www.yunxs.com/download/download.php?filetype=txt&filename=16826
影视世界大抽奖,http://www.yunxs.com/download/download.php?filetype=txt&filename=16842
阴长生,http://www.yunxs.com/download/download.php?filetype=txt&filename=16844
穿梭世界的修士,http://www.yunxs.com/download/download.php?filetype=txt&filename=16846
西游记里没有妖怪,http://www.yunxs.com/download/download.php?filetype=txt&filename=16849
黑暗纪元,http://www.yunxs.com/download/download.php?filetype=txt&filename=16830
摸金记,http://www.yunxs.com/download/download.php?filetype=txt&filename=16851
审判者,http://www.yunxs.com/download/download.php?filetype=txt&filename=16838
我是一具尸体,http://www.yunxs.com/download/download.php?filetype=txt&filename=16806
天命神相,http://www.yunxs.com/download/download.php?filetype=txt&filename=16804
尸香门第,http://www.yunxs.com/download/download.php?filetype=txt&filename=16810
夜封门,http://www.yunxs.com/download/download.php?filetype=txt&filename=16818
死人经,http://www.yunxs.com/download/download.php?filetype=txt&filename=16820
我的殡葬灵异生涯,http://www.yunxs.com/download/download.php?filetype=txt&filename=16814
电影世界冒险王,http://www.yunxs.com/download/download.php?filetype=txt&filename=16800
活人回避,http://www.yunxs.com/download/download.php?filetype=txt&filename=16822
阴人勿扰,http://www.yunxs.com/download/download.php?filetype=txt&filename=16808
幻想降临时,http://www.yunxs.com/download/download.php?filetype=txt&filename=16890
民调局异闻录之勉传,http://www.yunxs.com/download/download.php?filetype=txt&filename=16812
歇斯底的黎明,http://www.yunxs.com/download/download.php?filetype=txt&filename=16798
我有个时空门,http://www.yunxs.com/download/download.php?filetype=txt&filename=16788
火影之主神系统,http://www.yunxs.com/download/download.php?filetype=txt&filename=16792
史上最强人形怪兽,http://www.yunxs.com/download/download.php?filetype=txt&filename=16780
末世黑雨,http://www.yunxs.com/download/download.php?filetype=txt&filename=16782
超级龙宠,http://www.yunxs.com/download/download.php?filetype=txt&filename=16784
史前最后一只恐龙,http://www.yunxs.com/download/download.php?filetype=txt&filename=16786
地球最强生物,http://www.yunxs.com/download/download.php?filetype=txt&filename=16785
战耀星空,http://www.yunxs.com/download/download.php?filetype=txt&filename=16790
三千位面大抽奖,http://www.yunxs.com/download/download.php?filetype=txt&filename=16796
我的极品千年尸娘,http://www.yunxs.com/download/download.php?filetype=txt&filename=16768
黑暗无限,http://www.yunxs.com/download/download.php?filetype=txt&filename=16778
我的灵异档案,http://www.yunxs.com/download/download.php?filetype=txt&filename=16824
绝对主角,http://www.yunxs.com/download/download.php?filetype=txt&filename=16756
卖主角的小主神,http://www.yunxs.com/download/download.php?filetype=txt&filename=16772
末日神弓手,http://www.yunxs.com/download/download.php?filetype=txt&filename=16760
漫威之特殊后勤人员,http://www.yunxs.com/download/download.php?filetype=txt&filename=16754
逆行武侠,http://www.yunxs.com/download/download.php?filetype=txt&filename=16758
撞邪,http://www.yunxs.com/download/download.php?filetype=txt&filename=16774
永无安宁,http://www.yunxs.com/download/download.php?filetype=txt&filename=16776
末世之丧尸王朝,http://www.yunxs.com/download/download.php?filetype=txt&filename=16766
无限成长之路,http://www.yunxs.com/download/download.php?filetype=txt&filename=16764
极品招魂师,http://www.yunxs.com/download/download.php?filetype=txt&filename=16770
贩妖记,http://www.yunxs.com/download/download.php?filetype=txt&filename=16816
带着大狗去抓鬼,http://www.yunxs.com/download/download.php?filetype=txt&filename=16762
核血机心,http://www.yunxs.com/download/download.php?filetype=txt&filename=16750
无限崩坏,http://www.yunxs.com/download/download.php?filetype=txt&filename=16748
至高悬赏,http://www.yunxs.com/download/download.php?filetype=txt&filename=16752
山海秘闻录,http://www.yunxs.com/download/download.php?filetype=txt&filename=16734
影视位面走起,http://www.yunxs.com/download/download.php?filetype=txt&filename=16740
史上最强大明星,http://www.yunxs.com/download/download.php?filetype=txt&filename=16742
科学的次元行者,http://www.yunxs.com/download/download.php?filetype=txt&filename=16744
文豪娱乐家,http://www.yunxs.com/download/download.php?filetype=txt&filename=16736
实习小道长,http://www.yunxs.com/download/download.php?filetype=txt&filename=16731
未来游乐场,http://www.yunxs.com/download/download.php?filetype=txt&filename=16733
位面不断开拓,http://www.yunxs.com/download/download.php?filetype=txt&filename=16729
阴间酒吧,http://www.yunxs.com/download/download.php?filetype=txt&filename=16738
我是个阴阳符师,http://www.yunxs.com/download/download.php?filetype=txt&filename=16725
超时空大帝国,http://www.yunxs.com/download/download.php?filetype=txt&filename=16724
灾厄降临,http://www.yunxs.com/download/download.php?filetype=txt&filename=16719
数据眼,http://www.yunxs.com/download/download.php?filetype=txt&filename=16718
异能进化：丧尸围城,http://www.yunxs.com/download/download.php?filetype=txt&filename=16715
我来自阿斯嘉德,http://www.yunxs.com/download/download.php?filetype=txt&filename=16717
能力凭租契约,http://www.yunxs.com/download/download.php?filetype=txt&filename=16713
我的末世基地车,http://www.yunxs.com/download/download.php?filetype=txt&filename=16711
哥谭神探,http://www.yunxs.com/download/download.php?filetype=txt&filename=16723
最终穿越,http://www.yunxs.com/download/download.php?filetype=txt&filename=16706
现实副本攻略指南,http://www.yunxs.com/download/download.php?filetype=txt&filename=16727
无尽侵蚀,http://www.yunxs.com/download/download.php?filetype=txt&filename=16708
火影之祸害,http://www.yunxs.com/download/download.php?filetype=txt&filename=16710
网球王子之破发睡神,http://www.yunxs.com/download/download.php?filetype=txt&filename=16703
我的外婆是蛊术师,http://www.yunxs.com/download/download.php?filetype=txt&filename=16695
那无限的世界,http://www.yunxs.com/download/download.php?filetype=txt&filename=16687
末世直播高手,http://www.yunxs.com/download/download.php?filetype=txt&filename=16697
星河虫皇,http://www.yunxs.com/download/download.php?filetype=txt&filename=16683
末世之魔灵召唤师,http://www.yunxs.com/download/download.php?filetype=txt&filename=16691
网游秩序之剑,http://www.yunxs.com/download/download.php?filetype=txt&filename=16689
末世一秒钟,http://www.yunxs.com/download/download.php?filetype=txt&filename=16701
洪荒那些事,http://www.yunxs.com/download/download.php?filetype=txt&filename=16693
吾走阴阳路,http://www.yunxs.com/download/download.php?filetype=txt&filename=16746
疯狂游轮,http://www.yunxs.com/download/download.php?filetype=txt&filename=16705
进化终点,http://www.yunxs.com/download/download.php?filetype=txt&filename=16699
重生之丧尸围城,http://www.yunxs.com/download/download.php?filetype=txt&filename=16685
镜照万界,http://www.yunxs.com/download/download.php?filetype=txt&filename=16681
神话高校,http://www.yunxs.com/download/download.php?filetype=txt&filename=16675
大海贼克洛克达尔,http://www.yunxs.com/download/download.php?filetype=txt&filename=16794
都市驱鬼师,http://www.yunxs.com/download/download.php?filetype=txt&filename=16629
位面劫匪,http://www.yunxs.com/download/download.php?filetype=txt&filename=16627
超级小说系统,http://www.yunxs.com/download/download.php?filetype=txt&filename=16618
鬼咒,http://www.yunxs.com/download/download.php?filetype=txt&filename=16620
别碰我的舰娘,http://www.yunxs.com/download/download.php?filetype=txt&filename=16625
宇殇,http://www.yunxs.com/download/download.php?filetype=txt&filename=16621
可爱妹妹与迷茫的我,http://www.yunxs.com/download/download.php?filetype=txt&filename=16612
红色苏联,http://www.yunxs.com/download/download.php?filetype=txt&filename=16611
海贼王之最强主播,http://www.yunxs.com/download/download.php?filetype=txt&filename=16616
仙武科技,http://www.yunxs.com/download/download.php?filetype=txt&filename=16623
惧,http://www.yunxs.com/download/download.php?filetype=txt&filename=16609
次元大乱斗,http://www.yunxs.com/download/download.php?filetype=txt&filename=16614
超能力基因改造,http://www.yunxs.com/download/download.php?filetype=txt&filename=16599
我家后门通末世,http://www.yunxs.com/download/download.php?filetype=txt&filename=16597
穿越女主角,http://www.yunxs.com/download/download.php?filetype=txt&filename=16603
深渊主宰,http://www.yunxs.com/download/download.php?filetype=txt&filename=16607
神符十墓,http://www.yunxs.com/download/download.php?filetype=txt&filename=16601
无尽破碎,http://www.yunxs.com/download/download.php?filetype=txt&filename=16721
我在末世有张床,http://www.yunxs.com/download/download.php?filetype=txt&filename=16802
终端王座,http://www.yunxs.com/download/download.php?filetype=txt&filename=16595
火影忍者之剑仙传,http://www.yunxs.com/download/download.php?filetype=txt&filename=16591
巨蟹的逆袭,http://www.yunxs.com/download/download.php?filetype=txt&filename=16593
硬核危机,http://www.yunxs.com/download/download.php?filetype=txt&filename=16590
无限中二复中二,http://www.yunxs.com/download/download.php?filetype=txt&filename=16605
萝莉剑圣控,http://www.yunxs.com/download/download.php?filetype=txt&filename=16588
影视世界冒险记,http://www.yunxs.com/download/download.php?filetype=txt&filename=16586
我的千年女鬼老婆,http://www.yunxs.com/download/download.php?filetype=txt&filename=16582
最强反恐精英,http://www.yunxs.com/download/download.php?filetype=txt&filename=16584
海贼之神级副船长,http://www.yunxs.com/download/download.php?filetype=txt&filename=16578
穿梭玄幻世界,http://www.yunxs.com/download/download.php?filetype=txt&filename=16580
穿越之怪兽电影,http://www.yunxs.com/download/download.php?filetype=txt&filename=16574
盗墓志异录,http://www.yunxs.com/download/download.php?filetype=txt&filename=16576
海贼王之我有英雄联盟,http://www.yunxs.com/download/download.php?filetype=txt&filename=16572
雷霆御座,http://www.yunxs.com/download/download.php?filetype=txt&filename=16570
我们的霍格沃茨,http://www.yunxs.com/download/download.php?filetype=txt&filename=16568
变身二次元萌妹,http://www.yunxs.com/download/download.php?filetype=txt&filename=16563
无双轮回,http://www.yunxs.com/download/download.php?filetype=txt&filename=16564
我的探灵女友,http://www.yunxs.com/download/download.php?filetype=txt&filename=16566
火影之副本系统,http://www.yunxs.com/download/download.php?filetype=txt&filename=16559
迪迦之重生怪兽,http://www.yunxs.com/download/download.php?filetype=txt&filename=16561
不科学的天天传,http://www.yunxs.com/download/download.php?filetype=txt&filename=16553
大海贼巴基,http://www.yunxs.com/download/download.php?filetype=txt&filename=16555
我的提督怎么那么萌,http://www.yunxs.com/download/download.php?filetype=txt&filename=16551
海贼王之草帽副船长,http://www.yunxs.com/download/download.php?filetype=txt&filename=16547
我的道术人生,http://www.yunxs.com/download/download.php?filetype=txt&filename=16557
我有一个主神空间,http://www.yunxs.com/download/download.php?filetype=txt&filename=16549
最强神将系统,http://www.yunxs.com/download/download.php?filetype=txt&filename=16543
超级探囊取物,http://www.yunxs.com/download/download.php?filetype=txt&filename=16541
海贼王之美食系统,http://www.yunxs.com/download/download.php?filetype=txt&filename=16545
死亡高校,http://www.yunxs.com/download/download.php?filetype=txt&filename=16539
泰迪狗奇妙之旅,http://www.yunxs.com/download/download.php?filetype=txt&filename=16537
末世之虫潮降临,http://www.yunxs.com/download/download.php?filetype=txt&filename=16531
另类无限,http://www.yunxs.com/download/download.php?filetype=txt&filename=16533
无限冒险指南,http://www.yunxs.com/download/download.php?filetype=txt&filename=16535
泛银河战纪,http://www.yunxs.com/download/download.php?filetype=txt&filename=16525
黄泉归图,http://www.yunxs.com/download/download.php?filetype=txt&filename=16527
我的时空之门,http://www.yunxs.com/download/download.php?filetype=txt&filename=16679
我的幻想世界,http://www.yunxs.com/download/download.php?filetype=txt&filename=16529
黎爷的轨迹,http://www.yunxs.com/download/download.php?filetype=txt&filename=16677
最后那只女鬼留给我,http://www.yunxs.com/download/download.php?filetype=txt&filename=16521
位面祭坛,http://www.yunxs.com/download/download.php?filetype=txt&filename=16523
武动时空,http://www.yunxs.com/download/download.php?filetype=txt&filename=16515
天机之神局,http://www.yunxs.com/download/download.php?filetype=txt&filename=16514
飞鸟时代,http://www.yunxs.com/download/download.php?filetype=txt&filename=16519
火影之最强天赋,http://www.yunxs.com/download/download.php?filetype=txt&filename=16512
超神学院之神战,http://www.yunxs.com/download/download.php?filetype=txt&filename=16663
海贼王之爆炸,http://www.yunxs.com/download/download.php?filetype=txt&filename=16660
阴书令,http://www.yunxs.com/download/download.php?filetype=txt&filename=16667
无限之单机霸主,http://www.yunxs.com/download/download.php?filetype=txt&filename=16656
星战剑修,http://www.yunxs.com/download/download.php?filetype=txt&filename=16517
银河军火商,http://www.yunxs.com/download/download.php?filetype=txt&filename=16661
火影之大红莲冰轮丸,http://www.yunxs.com/download/download.php?filetype=txt&filename=16669
危机,http://www.yunxs.com/download/download.php?filetype=txt&filename=16673
无限主播,http://www.yunxs.com/download/download.php?filetype=txt&filename=16671
带着黑科技回现实,http://www.yunxs.com/download/download.php?filetype=txt&filename=16654
降临电影世界,http://www.yunxs.com/download/download.php?filetype=txt&filename=16665
神话征服者,http://www.yunxs.com/download/download.php?filetype=txt&filename=16658
离退休老超人的日常,http://www.yunxs.com/download/download.php?filetype=txt&filename=16501
史上最强绿巨人,http://www.yunxs.com/download/download.php?filetype=txt&filename=16503
超时空穿越,http://www.yunxs.com/download/download.php?filetype=txt&filename=16497
帝临武侠,http://www.yunxs.com/download/download.php?filetype=txt&filename=16509
次元聊天群,http://www.yunxs.com/download/download.php?filetype=txt&filename=16499
深海提督,http://www.yunxs.com/download/download.php?filetype=txt&filename=16505
横行在宇宙间的龙,http://www.yunxs.com/download/download.php?filetype=txt&filename=16651
生存战记,http://www.yunxs.com/download/download.php?filetype=txt&filename=16645
漫威世界的穿越者,http://www.yunxs.com/download/download.php?filetype=txt&filename=16647
量子永生,http://www.yunxs.com/download/download.php?filetype=txt&filename=16653
绝对掌控,http://www.yunxs.com/download/download.php?filetype=txt&filename=16649
亡灵记忆,http://www.yunxs.com/download/download.php?filetype=txt&filename=16510
漫步在武侠世界,http://www.yunxs.com/download/download.php?filetype=txt&filename=16643
无限群英之三雄争霸,http://www.yunxs.com/download/download.php?filetype=txt&filename=16639
幻游猎人,http://www.yunxs.com/download/download.php?filetype=txt&filename=16487
兽神藏,http://www.yunxs.com/download/download.php?filetype=txt&filename=16633
鬼舔头,http://www.yunxs.com/download/download.php?filetype=txt&filename=16479
穿越在影视的世界,http://www.yunxs.com/download/download.php?filetype=txt&filename=16495
超凡双生,http://www.yunxs.com/download/download.php?filetype=txt&filename=16635
生存系统,http://www.yunxs.com/download/download.php?filetype=txt&filename=16631
末世之魔卡时代,http://www.yunxs.com/download/download.php?filetype=txt&filename=16481
异度,http://www.yunxs.com/download/download.php?filetype=txt&filename=16493
阴棺迁葬,http://www.yunxs.com/download/download.php?filetype=txt&filename=16489
茅山传说,http://www.yunxs.com/download/download.php?filetype=txt&filename=16641
血诡世界,http://www.yunxs.com/download/download.php?filetype=txt&filename=16491
钢铁界,http://www.yunxs.com/download/download.php?filetype=txt&filename=16485
从零开始的剑豪物语,http://www.yunxs.com/download/download.php?filetype=txt&filename=16637
盛世武神,http://www.yunxs.com/download/download.php?filetype=txt&filename=16483
阴岸,http://www.yunxs.com/download/download.php?filetype=txt&filename=16471
进化狂潮,http://www.yunxs.com/download/download.php?filetype=txt&filename=16507
我忽悠着圣光,http://www.yunxs.com/download/download.php?filetype=txt&filename=16469
花都极品小道士,http://www.yunxs.com/download/download.php?filetype=txt&filename=16468
灵车,http://www.yunxs.com/download/download.php?filetype=txt&filename=16477
抬棺匠,http://www.yunxs.com/download/download.php?filetype=txt&filename=16460
我的系统商城,http://www.yunxs.com/download/download.php?filetype=txt&filename=16462
绝之种,http://www.yunxs.com/download/download.php?filetype=txt&filename=16473
最后一个摸金校尉,http://www.yunxs.com/download/download.php?filetype=txt&filename=16475
光脑武尊,http://www.yunxs.com/download/download.php?filetype=txt&filename=16466
纪元黎明,http://www.yunxs.com/download/download.php?filetype=txt&filename=16458
幻想世界穿越法则,http://www.yunxs.com/download/download.php?filetype=txt&filename=16456
反抗在幻想乡：新章,http://www.yunxs.com/download/download.php?filetype=txt&filename=16464
超星空文明,http://www.yunxs.com/download/download.php?filetype=txt&filename=16454
巫妖王的科技之路,http://www.yunxs.com/download/download.php?filetype=txt&filename=16452
幻想大炼成,http://www.yunxs.com/download/download.php?filetype=txt&filename=16446
化身二次元萌妹,http://www.yunxs.com/download/download.php?filetype=txt&filename=16442
君临诸天,http://www.yunxs.com/download/download.php?filetype=txt&filename=16444
二次元黄毛系统,http://www.yunxs.com/download/download.php?filetype=txt&filename=16448
神级猎杀者,http://www.yunxs.com/download/download.php?filetype=txt&filename=16428
守望黎明号,http://www.yunxs.com/download/download.php?filetype=txt&filename=16450
萌娘守护者,http://www.yunxs.com/download/download.php?filetype=txt&filename=16432
劫天运,http://www.yunxs.com/download/download.php?filetype=txt&filename=16427
超级龙祖,http://www.yunxs.com/download/download.php?filetype=txt&filename=16430
火影世界的幻术大宗师,http://www.yunxs.com/download/download.php?filetype=txt&filename=16440
无限之异兽进化,http://www.yunxs.com/download/download.php?filetype=txt&filename=16434
美漫之灵魂主宰,http://www.yunxs.com/download/download.php?filetype=txt&filename=16423
巫师的超凡之旅,http://www.yunxs.com/download/download.php?filetype=txt&filename=16425
非常鬼厨,http://www.yunxs.com/download/download.php?filetype=txt&filename=16413
次元干涉者,http://www.yunxs.com/download/download.php?filetype=txt&filename=16421
在线等挺急的,http://www.yunxs.com/download/download.php?filetype=txt&filename=16417
罪无归路,http://www.yunxs.com/download/download.php?filetype=txt&filename=16405
我的梦幻星球,http://www.yunxs.com/download/download.php?filetype=txt&filename=16415
漫游世界的神,http://www.yunxs.com/download/download.php?filetype=txt&filename=16409
机甲苍刃,http://www.yunxs.com/download/download.php?filetype=txt&filename=16407
主神的位面穿越之旅,http://www.yunxs.com/download/download.php?filetype=txt&filename=16411
猛鬼直播间,http://www.yunxs.com/download/download.php?filetype=txt&filename=16403
生人止步,http://www.yunxs.com/download/download.php?filetype=txt&filename=16401
末世之我的世界,http://www.yunxs.com/download/download.php?filetype=txt&filename=16398
无限二次元攻略,http://www.yunxs.com/download/download.php?filetype=txt&filename=16399
超级复制者,http://www.yunxs.com/download/download.php?filetype=txt&filename=16436
通灵茶庄,http://www.yunxs.com/download/download.php?filetype=txt&filename=16419
无限之僵圣,http://www.yunxs.com/download/download.php?filetype=txt&filename=16390
星路求生,http://www.yunxs.com/download/download.php?filetype=txt&filename=16438
纵横在武侠世界,http://www.yunxs.com/download/download.php?filetype=txt&filename=16392
我的私人漫威系统,http://www.yunxs.com/download/download.php?filetype=txt&filename=16394
电影世界里的侠客,http://www.yunxs.com/download/download.php?filetype=txt&filename=16388
神国永恒,http://www.yunxs.com/download/download.php?filetype=txt&filename=16386
海贼王之极恶世代,http://www.yunxs.com/download/download.php?filetype=txt&filename=16384
备胎大联盟,http://www.yunxs.com/download/download.php?filetype=txt&filename=16372
红警之科技帝国,http://www.yunxs.com/download/download.php?filetype=txt&filename=16376
征战平行世界,http://www.yunxs.com/download/download.php?filetype=txt&filename=16380
舌尖上的江湖,http://www.yunxs.com/download/download.php?filetype=txt&filename=16382
抗日之谍海大英雄,http://www.yunxs.com/download/download.php?filetype=txt&filename=16378
位面之吾道随心,http://www.yunxs.com/download/download.php?filetype=txt&filename=16368
重卡战车在末世,http://www.yunxs.com/download/download.php?filetype=txt&filename=16374
新赶尸先生,http://www.yunxs.com/download/download.php?filetype=txt&filename=16370
非正常人类异闻录,http://www.yunxs.com/download/download.php?filetype=txt&filename=16363
异界歌坛之蒋神流,http://www.yunxs.com/download/download.php?filetype=txt&filename=16365
地仙正道,http://www.yunxs.com/download/download.php?filetype=txt&filename=16353
极品捉鬼师,http://www.yunxs.com/download/download.php?filetype=txt&filename=16366
无限的使徒们,http://www.yunxs.com/download/download.php?filetype=txt&filename=16361
死神之隐秘机动,http://www.yunxs.com/download/download.php?filetype=txt&filename=16355
阴阳鬼咒,http://www.yunxs.com/download/download.php?filetype=txt&filename=16357
我当鬼侦探那些年,http://www.yunxs.com/download/download.php?filetype=txt&filename=16348
时空波纹,http://www.yunxs.com/download/download.php?filetype=txt&filename=16352
高魔地球,http://www.yunxs.com/download/download.php?filetype=txt&filename=16359
茅山捉鬼人,http://www.yunxs.com/download/download.php?filetype=txt&filename=16338
茅山传人,http://www.yunxs.com/download/download.php?filetype=txt&filename=16340
大瞬移时代,http://www.yunxs.com/download/download.php?filetype=txt&filename=16346
滴血瞳,http://www.yunxs.com/download/download.php?filetype=txt&filename=16342
僵尸的盗墓生涯,http://www.yunxs.com/download/download.php?filetype=txt&filename=16344
寻找走丢的舰娘,http://www.yunxs.com/download/download.php?filetype=txt&filename=16326
星河贵族,http://www.yunxs.com/download/download.php?filetype=txt&filename=16332
超级恶灵系统,http://www.yunxs.com/download/download.php?filetype=txt&filename=16336
阴阳符,http://www.yunxs.com/download/download.php?filetype=txt&filename=16322
重生之鬼王归来,http://www.yunxs.com/download/download.php?filetype=txt&filename=16330
我的时空枢纽之家,http://www.yunxs.com/download/download.php?filetype=txt&filename=16334
死亡档案袋,http://www.yunxs.com/download/download.php?filetype=txt&filename=16324
无限级大世界,http://www.yunxs.com/download/download.php?filetype=txt&filename=16328
无限幻想大冒险,http://www.yunxs.com/download/download.php?filetype=txt&filename=16318
从最强，开始,http://www.yunxs.com/download/download.php?filetype=txt&filename=16311
末世七十二变,http://www.yunxs.com/download/download.php?filetype=txt&filename=16317
极品女神穿梭系统,http://www.yunxs.com/download/download.php?filetype=txt&filename=16305
秦岭有鬼,http://www.yunxs.com/download/download.php?filetype=txt&filename=16313
宇宙的边缘世界,http://www.yunxs.com/download/download.php?filetype=txt&filename=16315
火影之惊涛骇浪,http://www.yunxs.com/download/download.php?filetype=txt&filename=16309
A级通缉犯,http://www.yunxs.com/download/download.php?filetype=txt&filename=16307
乡村鬼医成长记,http://www.yunxs.com/download/download.php?filetype=txt&filename=16303
末世之异能觉醒,http://www.yunxs.com/download/download.php?filetype=txt&filename=16299
致命快递,http://www.yunxs.com/download/download.php?filetype=txt&filename=16301
火影之功德人生,http://www.yunxs.com/download/download.php?filetype=txt&filename=16291
文化抵抗最前线,http://www.yunxs.com/download/download.php?filetype=txt&filename=16293
火影之双星闪耀,http://www.yunxs.com/download/download.php?filetype=txt&filename=16285
影视世界游记,http://www.yunxs.com/download/download.php?filetype=txt&filename=16295
二次元大穿梭,http://www.yunxs.com/download/download.php?filetype=txt&filename=16287
太阳神的荣耀,http://www.yunxs.com/download/download.php?filetype=txt&filename=16297
星域征途,http://www.yunxs.com/download/download.php?filetype=txt&filename=16283
地球毁灭32亿次,http://www.yunxs.com/download/download.php?filetype=txt&filename=16281
阴阳鬼杀,http://www.yunxs.com/download/download.php?filetype=txt&filename=16277
罪匿,http://www.yunxs.com/download/download.php?filetype=txt&filename=16275
带口铁锅闯末世,http://www.yunxs.com/download/download.php?filetype=txt&filename=16273
复活之战斗在第三帝国,http://www.yunxs.com/download/download.php?filetype=txt&filename=16279
极品女鬼收容所,http://www.yunxs.com/download/download.php?filetype=txt&filename=16269
贤者的无限旅途,http://www.yunxs.com/download/download.php?filetype=txt&filename=16263
幻想降临现实,http://www.yunxs.com/download/download.php?filetype=txt&filename=16261
甲壳狂潮,http://www.yunxs.com/download/download.php?filetype=txt&filename=16271
开局血崩的无限,http://www.yunxs.com/download/download.php?filetype=txt&filename=16267
重生海贼王之副船长,http://www.yunxs.com/download/download.php?filetype=txt&filename=16265
位面成神之虚空戒,http://www.yunxs.com/download/download.php?filetype=txt&filename=16251
阴阳鬼医,http://www.yunxs.com/download/download.php?filetype=txt&filename=16255
驱鬼道长,http://www.yunxs.com/download/download.php?filetype=txt&filename=16257
无限之精神力控制者,http://www.yunxs.com/download/download.php?filetype=txt&filename=16253
火影之大老师系统,http://www.yunxs.com/download/download.php?filetype=txt&filename=16259
请把你的背后交给我,http://www.yunxs.com/download/download.php?filetype=txt&filename=16350
诛魔契约,http://www.yunxs.com/download/download.php?filetype=txt&filename=16320
非常提督,http://www.yunxs.com/download/download.php?filetype=txt&filename=16184
特殊事件专案组,http://www.yunxs.com/download/download.php?filetype=txt&filename=16186
位面穿梭旅行者,http://www.yunxs.com/download/download.php?filetype=txt&filename=16176
超位面穿行,http://www.yunxs.com/download/download.php?filetype=txt&filename=16188
脑核风暴,http://www.yunxs.com/download/download.php?filetype=txt&filename=16170
虫噬星空,http://www.yunxs.com/download/download.php?filetype=txt&filename=16180
末世大回炉,http://www.yunxs.com/download/download.php?filetype=txt&filename=16178
我妖重新做人,http://www.yunxs.com/download/download.php?filetype=txt&filename=16174
末世神箭手,http://www.yunxs.com/download/download.php?filetype=txt&filename=16172
末世之狂法,http://www.yunxs.com/download/download.php?filetype=txt&filename=16169
电影世界大抽奖,http://www.yunxs.com/download/download.php?filetype=txt&filename=16165
无限世界旅行者,http://www.yunxs.com/download/download.php?filetype=txt&filename=16163
最强生化体,http://www.yunxs.com/download/download.php?filetype=txt&filename=16167
梦幻军火商,http://www.yunxs.com/download/download.php?filetype=txt&filename=16289
遮天之万古独尊,http://www.yunxs.com/download/download.php?filetype=txt&filename=16161
阴阳捉鬼术,http://www.yunxs.com/download/download.php?filetype=txt&filename=16159
异次元游戏,http://www.yunxs.com/download/download.php?filetype=txt&filename=16182
盗墓摸骨人,http://www.yunxs.com/download/download.php?filetype=txt&filename=16153
超级慧眼系统,http://www.yunxs.com/download/download.php?filetype=txt&filename=16141
搞个大新闻,http://www.yunxs.com/download/download.php?filetype=txt&filename=16143
最后一个摸金校尉,http://www.yunxs.com/download/download.php?filetype=txt&filename=16155
进化的四十六亿重奏,http://www.yunxs.com/download/download.php?filetype=txt&filename=16145
末日屠宰场,http://www.yunxs.com/download/download.php?filetype=txt&filename=16147
超级大法官系统,http://www.yunxs.com/download/download.php?filetype=txt&filename=16151
我的氪金战姬,http://www.yunxs.com/download/download.php?filetype=txt&filename=16157
会穿越的外交官,http://www.yunxs.com/download/download.php?filetype=txt&filename=16136
大穿越时代,http://www.yunxs.com/download/download.php?filetype=txt&filename=16139
红警之从废土开始,http://www.yunxs.com/download/download.php?filetype=txt&filename=16132
我的房间有扇任意门,http://www.yunxs.com/download/download.php?filetype=txt&filename=16137
美漫之血清,http://www.yunxs.com/download/download.php?filetype=txt&filename=16134
阴阳鬼盗,http://www.yunxs.com/download/download.php?filetype=txt&filename=16130
海贼之最强附身,http://www.yunxs.com/download/download.php?filetype=txt&filename=16128
人生回溯局,http://www.yunxs.com/download/download.php?filetype=txt&filename=16124
黑科技垄断公司,http://www.yunxs.com/download/download.php?filetype=txt&filename=16126
最丧尸,http://www.yunxs.com/download/download.php?filetype=txt&filename=16122
我的末世基地车,http://www.yunxs.com/download/download.php?filetype=txt&filename=16121
一切从斗破苍穹开始,http://www.yunxs.com/download/download.php?filetype=txt&filename=16117
电影世界大盗,http://www.yunxs.com/download/download.php?filetype=txt&filename=16119
魔禁之万物冻结,http://www.yunxs.com/download/download.php?filetype=txt&filename=16115
无限仙武世界,http://www.yunxs.com/download/download.php?filetype=txt&filename=16111
奇术之王,http://www.yunxs.com/download/download.php?filetype=txt&filename=16113
位面破坏神,http://www.yunxs.com/download/download.php?filetype=txt&filename=16249
柯南世界里的巫师,http://www.yunxs.com/download/download.php?filetype=txt&filename=16109
二次元王座,http://www.yunxs.com/download/download.php?filetype=txt&filename=16105
名侦探世界里的巫师,http://www.yunxs.com/download/download.php?filetype=txt&filename=16110
怒瀚,http://www.yunxs.com/download/download.php?filetype=txt&filename=16103
穿梭在无限废土,http://www.yunxs.com/download/download.php?filetype=txt&filename=16107
生还游戏,http://www.yunxs.com/download/download.php?filetype=txt&filename=16245
维吉尔的综漫之旅,http://www.yunxs.com/download/download.php?filetype=txt&filename=16243
火影之卡皇,http://www.yunxs.com/download/download.php?filetype=txt&filename=16239
黑暗王者,http://www.yunxs.com/download/download.php?filetype=txt&filename=16233
没时间了快上车,http://www.yunxs.com/download/download.php?filetype=txt&filename=16229
超级走私系统,http://www.yunxs.com/download/download.php?filetype=txt&filename=16247
念力成神,http://www.yunxs.com/download/download.php?filetype=txt&filename=16241
降临诸天世界,http://www.yunxs.com/download/download.php?filetype=txt&filename=16225
养个千年女鬼当老婆,http://www.yunxs.com/download/download.php?filetype=txt&filename=16227
最强恐怖系统,http://www.yunxs.com/download/download.php?filetype=txt&filename=16222
高维文明养成手册,http://www.yunxs.com/download/download.php?filetype=txt&filename=16216
某科学的火影忍者,http://www.yunxs.com/download/download.php?filetype=txt&filename=16220
我的时空穿梭项链,http://www.yunxs.com/download/download.php?filetype=txt&filename=16223
从太阳花田开始,http://www.yunxs.com/download/download.php?filetype=txt&filename=16218
世界为王,http://www.yunxs.com/download/download.php?filetype=txt&filename=16100
疯骑士的宇宙时代,http://www.yunxs.com/download/download.php?filetype=txt&filename=16102
人间禁地,http://www.yunxs.com/download/download.php?filetype=txt&filename=16092
杀神永生,http://www.yunxs.com/download/download.php?filetype=txt&filename=16237
和舞空一起游龙珠,http://www.yunxs.com/download/download.php?filetype=txt&filename=16096
龙珠之武天宗师,http://www.yunxs.com/download/download.php?filetype=txt&filename=16090
道墓天师,http://www.yunxs.com/download/download.php?filetype=txt&filename=16098
穿越电影之无限崛起,http://www.yunxs.com/download/download.php?filetype=txt&filename=16149
寻龙档案,http://www.yunxs.com/download/download.php?filetype=txt&filename=16235
我有三千鬼将,http://www.yunxs.com/download/download.php?filetype=txt&filename=16212
超级时空戒指,http://www.yunxs.com/download/download.php?filetype=txt&filename=16231
自闭少年补完计划,http://www.yunxs.com/download/download.php?filetype=txt&filename=16094
这是个角色扮演游戏,http://www.yunxs.com/download/download.php?filetype=txt&filename=16204
口袋二次元女主go,http://www.yunxs.com/download/download.php?filetype=txt&filename=16208
超人漫威历险记,http://www.yunxs.com/download/download.php?filetype=txt&filename=16200
从美漫开始毁灭世界,http://www.yunxs.com/download/download.php?filetype=txt&filename=16194
超时空主播,http://www.yunxs.com/download/download.php?filetype=txt&filename=16198
末日轮盘,http://www.yunxs.com/download/download.php?filetype=txt&filename=16190
主神降临英雄联盟,http://www.yunxs.com/download/download.php?filetype=txt&filename=16206
半妖阴阳师,http://www.yunxs.com/download/download.php?filetype=txt&filename=16214
银河代言人,http://www.yunxs.com/download/download.php?filetype=txt&filename=16078
时空商人位面纵横,http://www.yunxs.com/download/download.php?filetype=txt&filename=16192
我就是英雄联盟,http://www.yunxs.com/download/download.php?filetype=txt&filename=16202
鬼王传人,http://www.yunxs.com/download/download.php?filetype=txt&filename=16210
机破星河,http://www.yunxs.com/download/download.php?filetype=txt&filename=16080
重生归来唯我魔尊,http://www.yunxs.com/download/download.php?filetype=txt&filename=16086
位面之时空之匙,http://www.yunxs.com/download/download.php?filetype=txt&filename=16082
灯火南山处,http://www.yunxs.com/download/download.php?filetype=txt&filename=16088
执掌虫群之星空霸主,http://www.yunxs.com/download/download.php?filetype=txt&filename=16084
茅山鬼门,http://www.yunxs.com/download/download.php?filetype=txt&filename=16196
德意志崛起之路,http://www.yunxs.com/download/download.php?filetype=txt&filename=16076
超级影视系统,http://www.yunxs.com/download/download.php?filetype=txt&filename=16068
神级升级系统,http://www.yunxs.com/download/download.php?filetype=txt&filename=16074
无限之巫师的旅途,http://www.yunxs.com/download/download.php?filetype=txt&filename=16072
星域之物语,http://www.yunxs.com/download/download.php?filetype=txt&filename=16070
玉镜迷潭,http://www.yunxs.com/download/download.php?filetype=txt&filename=16066
无限之科技主宰,http://www.yunxs.com/download/download.php?filetype=txt&filename=16064
茗铺之灵异实录,http://www.yunxs.com/download/download.php?filetype=txt&filename=16062
位面旅徒,http://www.yunxs.com/download/download.php?filetype=txt&filename=16057
网游之兄弟同心,http://www.yunxs.com/download/download.php?filetype=txt&filename=16060
诗意的情感,http://www.yunxs.com/download/download.php?filetype=txt&filename=16058
午时已到，正义未临,http://www.yunxs.com/download/download.php?filetype=txt&filename=16054
佐德之子,http://www.yunxs.com/download/download.php?filetype=txt&filename=16052
电影世界畅游记,http://www.yunxs.com/download/download.php?filetype=txt&filename=16056
海贼王之终极分身,http://www.yunxs.com/download/download.php?filetype=txt&filename=16047
末世之随机召唤师,http://www.yunxs.com/download/download.php?filetype=txt&filename=16050
仙界时空穿梭系统,http://www.yunxs.com/download/download.php?filetype=txt&filename=16046
感染体,http://www.yunxs.com/download/download.php?filetype=txt&filename=16044
噩种,http://www.yunxs.com/download/download.php?filetype=txt&filename=16042
时空酒馆,http://www.yunxs.com/download/download.php?filetype=txt&filename=16031
无尽进化时代,http://www.yunxs.com/download/download.php?filetype=txt&filename=16029
探灵女主播,http://www.yunxs.com/download/download.php?filetype=txt&filename=16038
无限猫娘,http://www.yunxs.com/download/download.php?filetype=txt&filename=16036
西游之白骨精日记,http://www.yunxs.com/download/download.php?filetype=txt&filename=16032
阴阳鬼术,http://www.yunxs.com/download/download.php?filetype=txt&filename=16034
我的灵异实录,http://www.yunxs.com/download/download.php?filetype=txt&filename=16040
幻想乡的流亡者,http://www.yunxs.com/download/download.php?filetype=txt&filename=16027
关于年的荒唐故事,http://www.yunxs.com/download/download.php?filetype=txt&filename=16025
一拳唐僧,http://www.yunxs.com/download/download.php?filetype=txt&filename=16017
他是鬼神通,http://www.yunxs.com/download/download.php?filetype=txt&filename=16023
七相门人,http://www.yunxs.com/download/download.php?filetype=txt&filename=16015
三界运输队,http://www.yunxs.com/download/download.php?filetype=txt&filename=16021
末世无限夺舍,http://www.yunxs.com/download/download.php?filetype=txt&filename=16019
职业狩灵人,http://www.yunxs.com/download/download.php?filetype=txt&filename=16005
庄闭卜传,http://www.yunxs.com/download/download.php?filetype=txt&filename=16013
末日交警,http://www.yunxs.com/download/download.php?filetype=txt&filename=16011
无限之次元入侵,http://www.yunxs.com/download/download.php?filetype=txt&filename=16009
虫王萝莉,http://www.yunxs.com/download/download.php?filetype=txt&filename=15993
无限之血锚渡鸦,http://www.yunxs.com/download/download.php?filetype=txt&filename=15995
问灵所,http://www.yunxs.com/download/download.php?filetype=txt&filename=15997
玄门崛起,http://www.yunxs.com/download/download.php?filetype=txt&filename=15999
恐怖红包群,http://www.yunxs.com/download/download.php?filetype=txt&filename=16003
不义超人闯二次元,http://www.yunxs.com/download/download.php?filetype=txt&filename=15990
我统领狐族那些年,http://www.yunxs.com/download/download.php?filetype=txt&filename=15991
无限之神座无敌,http://www.yunxs.com/download/download.php?filetype=txt&filename=16001
天才捉鬼师,http://www.yunxs.com/download/download.php?filetype=txt&filename=15989
心灵频率,http://www.yunxs.com/download/download.php?filetype=txt&filename=16007
幻想世界大穿越,http://www.yunxs.com/download/download.php?filetype=txt&filename=15987
主神战争,http://www.yunxs.com/download/download.php?filetype=txt&filename=15980
窒息朋友圈,http://www.yunxs.com/download/download.php?filetype=txt&filename=15983
无限进阶,http://www.yunxs.com/download/download.php?filetype=txt&filename=15972
混乱者游戏,http://www.yunxs.com/download/download.php?filetype=txt&filename=15978
位面之代行者,http://www.yunxs.com/download/download.php?filetype=txt&filename=15974
神盾局的新晋职员,http://www.yunxs.com/download/download.php?filetype=txt&filename=15976
孤岛求生之重生狂蟒,http://www.yunxs.com/download/download.php?filetype=txt&filename=15971
末世超级系统,http://www.yunxs.com/download/download.php?filetype=txt&filename=15963
末世之任务系统,http://www.yunxs.com/download/download.php?filetype=txt&filename=15965
真是见鬼了,http://www.yunxs.com/download/download.php?filetype=txt&filename=15967
湘信有鬼,http://www.yunxs.com/download/download.php?filetype=txt&filename=16049
异常生物见闻录,http://www.yunxs.com/download/download.php?filetype=txt&filename=15961
我在异界有座城,http://www.yunxs.com/download/download.php?filetype=txt&filename=15957
超时空穿梭,http://www.yunxs.com/download/download.php?filetype=txt&filename=15953
我的时空穿梭手机,http://www.yunxs.com/download/download.php?filetype=txt&filename=15959
美漫之复制强者,http://www.yunxs.com/download/download.php?filetype=txt&filename=15955
美漫之亚魔卓装甲,http://www.yunxs.com/download/download.php?filetype=txt&filename=15941
末世之召唤墓园,http://www.yunxs.com/download/download.php?filetype=txt&filename=15935
电影世界逍遥行,http://www.yunxs.com/download/download.php?filetype=txt&filename=15937
成神风暴,http://www.yunxs.com/download/download.php?filetype=txt&filename=15945
漫威之火影忍者漂流记,http://www.yunxs.com/download/download.php?filetype=txt&filename=15939
玄墓盗记——天桥灵墓,http://www.yunxs.com/download/download.php?filetype=txt&filename=15949
当废宅得到系统,http://www.yunxs.com/download/download.php?filetype=txt&filename=15931
大汉科技帝国,http://www.yunxs.com/download/download.php?filetype=txt&filename=15933
位面电梯,http://www.yunxs.com/download/download.php?filetype=txt&filename=15943
无限传奇之机械师,http://www.yunxs.com/download/download.php?filetype=txt&filename=15951
我的英灵殿,http://www.yunxs.com/download/download.php?filetype=txt&filename=15985
来自二次元的种族侵略,http://www.yunxs.com/download/download.php?filetype=txt&filename=15947
我的房东是千年女鬼,http://www.yunxs.com/download/download.php?filetype=txt&filename=15929
穿越之变身绝色女主角,http://www.yunxs.com/download/download.php?filetype=txt&filename=15917
风流鬼事,http://www.yunxs.com/download/download.php?filetype=txt&filename=15927
钻石王牌之全能棒球手,http://www.yunxs.com/download/download.php?filetype=txt&filename=15969
末世最强进化系统,http://www.yunxs.com/download/download.php?filetype=txt&filename=15923
神纹战记,http://www.yunxs.com/download/download.php?filetype=txt&filename=15981
开发次元世界,http://www.yunxs.com/download/download.php?filetype=txt&filename=15925
女神光耀美利坚,http://www.yunxs.com/download/download.php?filetype=txt&filename=15919
最强海军,http://www.yunxs.com/download/download.php?filetype=txt&filename=15921
时空之穿越者,http://www.yunxs.com/download/download.php?filetype=txt&filename=15908
星神兵王,http://www.yunxs.com/download/download.php?filetype=txt&filename=15914
美漫之小小炼宝师,http://www.yunxs.com/download/download.php?filetype=txt&filename=15916
极品掠夺系统,http://www.yunxs.com/download/download.php?filetype=txt&filename=15912
末世猎魔场,http://www.yunxs.com/download/download.php?filetype=txt&filename=15905
神次元大乱斗,http://www.yunxs.com/download/download.php?filetype=txt&filename=15903
主角猎杀者,http://www.yunxs.com/download/download.php?filetype=txt&filename=15906
海贼王之剑豪之心,http://www.yunxs.com/download/download.php?filetype=txt&filename=15910
无限之配角的逆袭,http://www.yunxs.com/download/download.php?filetype=txt&filename=15899
仙武世界大反派,http://www.yunxs.com/download/download.php?filetype=txt&filename=15897
升棺发财,http://www.yunxs.com/download/download.php?filetype=txt&filename=15891
阴鬼医道,http://www.yunxs.com/download/download.php?filetype=txt&filename=15889
丧尸王系统,http://www.yunxs.com/download/download.php?filetype=txt&filename=15901
无限技能之游戏世界,http://www.yunxs.com/download/download.php?filetype=txt&filename=15886
末世危城,http://www.yunxs.com/download/download.php?filetype=txt&filename=15893
虐杀,http://www.yunxs.com/download/download.php?filetype=txt&filename=15895
惊悚日记,http://www.yunxs.com/download/download.php?filetype=txt&filename=15878
永世皇朝,http://www.yunxs.com/download/download.php?filetype=txt&filename=15887
大反派也有春天,http://www.yunxs.com/download/download.php?filetype=txt&filename=15880
虚实进化,http://www.yunxs.com/download/download.php?filetype=txt&filename=15884
黑铁之堡,http://www.yunxs.com/download/download.php?filetype=txt&filename=15882
恶灵国度,http://www.yunxs.com/download/download.php?filetype=txt&filename=15876
万界侠义系统,http://www.yunxs.com/download/download.php?filetype=txt&filename=15872
一个人的神界,http://www.yunxs.com/download/download.php?filetype=txt&filename=15874
美漫之大冬兵,http://www.yunxs.com/download/download.php?filetype=txt&filename=15864
龙家老村,http://www.yunxs.com/download/download.php?filetype=txt&filename=15870
废土崛起,http://www.yunxs.com/download/download.php?filetype=txt&filename=15860
末世之人族战场,http://www.yunxs.com/download/download.php?filetype=txt&filename=15850
异世界的魔王大人,http://www.yunxs.com/download/download.php?filetype=txt&filename=15866
恐怖都市,http://www.yunxs.com/download/download.php?filetype=txt&filename=15868
末日领地主,http://www.yunxs.com/download/download.php?filetype=txt&filename=15862
我爱上了一具女尸,http://www.yunxs.com/download/download.php?filetype=txt&filename=15852
超级末世武神,http://www.yunxs.com/download/download.php?filetype=txt&filename=15846
黑水尸棺,http://www.yunxs.com/download/download.php?filetype=txt&filename=15856
捉鬼天机道,http://www.yunxs.com/download/download.php?filetype=txt&filename=15858
浪迹在电影世界,http://www.yunxs.com/download/download.php?filetype=txt&filename=15854
地球最后一个男人,http://www.yunxs.com/download/download.php?filetype=txt&filename=15848
重生之九尾凶猫,http://www.yunxs.com/download/download.php?filetype=txt&filename=15844
阴阳魔术师,http://www.yunxs.com/download/download.php?filetype=txt&filename=15842
主神大道,http://www.yunxs.com/download/download.php?filetype=txt&filename=15840
未来宠物店,http://www.yunxs.com/download/download.php?filetype=txt&filename=15835
砖窑诡事,http://www.yunxs.com/download/download.php?filetype=txt&filename=15838
愤怒的尸兄,http://www.yunxs.com/download/download.php?filetype=txt&filename=15833
金钢进化,http://www.yunxs.com/download/download.php?filetype=txt&filename=15836
诡神冢,http://www.yunxs.com/download/download.php?filetype=txt&filename=15829
重生之最强剑神,http://www.yunxs.com/download/download.php?filetype=txt&filename=882
网游之倒行逆施,http://www.yunxs.com/download/download.php?filetype=txt&filename=868
英雄联盟之绝世无双,http://www.yunxs.com/download/download.php?filetype=txt&filename=878
逍遥梦路,http://www.yunxs.com/download/download.php?filetype=txt&filename=870
超神机械师,http://www.yunxs.com/download/download.php?filetype=txt&filename=872
恶魔囚笼,http://www.yunxs.com/download/download.php?filetype=txt&filename=880
英雄联盟之七百年后,http://www.yunxs.com/download/download.php?filetype=txt&filename=876
银狐,http://www.yunxs.com/download/download.php?filetype=txt&filename=842
贞观大闲人,http://www.yunxs.com/download/download.php?filetype=txt&filename=864
寒门崛起,http://www.yunxs.com/download/download.php?filetype=txt&filename=862
我要做皇帝,http://www.yunxs.com/download/download.php?filetype=txt&filename=866
大明文魁,http://www.yunxs.com/download/download.php?filetype=txt&filename=860
大盗贼,http://www.yunxs.com/download/download.php?filetype=txt&filename=874
萌神信徒,http://www.yunxs.com/download/download.php?filetype=txt&filename=614
英雄联盟：上帝之手,http://www.yunxs.com/download/download.php?filetype=txt&filename=574
网游之神级炼妖师,http://www.yunxs.com/download/download.php?filetype=txt&filename=528
我的身体有bug,http://www.yunxs.com/download/download.php?filetype=txt&filename=564
猛鬼悬赏令,http://www.yunxs.com/download/download.php?filetype=txt&filename=15831
镇墓兽,http://www.yunxs.com/download/download.php?filetype=txt&filename=898
崛起美利坚,http://www.yunxs.com/download/download.php?filetype=txt&filename=15824
异常魔兽见闻录,http://www.yunxs.com/download/download.php?filetype=txt&filename=884
惊悚乐园,http://www.yunxs.com/download/download.php?filetype=txt&filename=892
最后一个捉鬼人,http://www.yunxs.com/download/download.php?filetype=txt&filename=15827
神级英雄,http://www.yunxs.com/download/download.php?filetype=txt&filename=890
神级剑魂系统,http://www.yunxs.com/download/download.php?filetype=txt&filename=900
时空棋局,http://www.yunxs.com/download/download.php?filetype=txt&filename=15826
