name,link
娇妻入怀：裴少，棒棒哒！,https://www.23wxw.cc/html/109497/
帝宠无良妃,https://www.23wxw.cc/html/109176/
阴婚缠绵：冥夫缠上身,https://www.23wxw.cc/html/108957/
阴缘：鬼夫难缠,https://www.23wxw.cc/html/108956/
惊世王妃：鬼王求放过,https://www.23wxw.cc/html/108788/
孽缘：黄泉夜魂,https://www.23wxw.cc/html/108787/
阴缘情愫：我的阎王老公,https://www.23wxw.cc/html/108786/
画春娇,https://www.23wxw.cc/html/108569/
阴妻诡事,https://www.23wxw.cc/html/108506/
天价萌宝：我的妈咪是大佬,https://www.23wxw.cc/html/108500/
天价甜妻：逃婚101次,https://www.23wxw.cc/html/108499/
金主太傲娇：恋上逃跑俏女佣,https://www.23wxw.cc/html/108369/
含羞,https://www.23wxw.cc/html/108212/
秘宠娱乐圈：误惹男神老公,https://www.23wxw.cc/html/108197/
一丹之缘,https://www.23wxw.cc/html/107618/
重生豪门：预言女王，拽翻天,https://www.23wxw.cc/html/107497/
进入游戏世界以后,https://www.23wxw.cc/html/107479/
少女捉鬼师：总裁大人怕怕怕,https://www.23wxw.cc/html/107428/
星纪帝国之枭宠狂妻,https://www.23wxw.cc/html/107324/
靳少猎妻：宝贝乖，别闹了,https://www.23wxw.cc/html/107219/
快穿：黑化男神，你好甜,https://www.23wxw.cc/html/107131/
盛世豪宠：影后甜妻带回家,https://www.23wxw.cc/html/107125/
我家有只狗影帝,https://www.23wxw.cc/html/107118/
左皇霸爱：重生娇妻不好惹,https://www.23wxw.cc/html/107106/
溺宠99分，男神宠成瘾,https://www.23wxw.cc/html/107098/
99亿宠婚：吻安，小甜心,https://www.23wxw.cc/html/107079/
重生最强军医,https://www.23wxw.cc/html/106992/
作死的侧妃,https://www.23wxw.cc/html/106924/
亿万萌宝：腹黑男神，么一个！,https://www.23wxw.cc/html/106922/
神凰帝后,https://www.23wxw.cc/html/106910/
宠婚为爱：甜妻你好,https://www.23wxw.cc/html/106903/
独家宠婚：景少，帅炸天,https://www.23wxw.cc/html/106793/
重生之这个青梅有点拽,https://www.23wxw.cc/html/106789/
金屋藏娇：妃常冷淡,https://www.23wxw.cc/html/106786/
喵仙渡神记：师兄亲亲啦,https://www.23wxw.cc/html/106765/
蜜爱甜妻：爵爷，求轻宠！,https://www.23wxw.cc/html/106699/
娘子有喜：腹黑相公很傲娇,https://www.23wxw.cc/html/106628/
夫人持剑,https://www.23wxw.cc/html/106582/
掌心女皇,https://www.23wxw.cc/html/106565/
快穿男神，请离婚,https://www.23wxw.cc/html/106527/
异能鲜妻：凌少，太生猛,https://www.23wxw.cc/html/106515/
情深意暖：深吻99次,https://www.23wxw.cc/html/106513/
一念入心：甜心，别想逃！,https://www.23wxw.cc/html/106503/
萌宝强助攻：爹地，超给力,https://www.23wxw.cc/html/106490/
隐婚不昏：娇妻有点萌,https://www.23wxw.cc/html/106489/
清宫冷妃：臣妾做不到啊,https://www.23wxw.cc/html/106468/
星际情殇：少女猎灵师,https://www.23wxw.cc/html/106454/
男神等我十一年,https://www.23wxw.cc/html/106438/
重生之左手繁华,https://www.23wxw.cc/html/106426/
绝品灵仙,https://www.23wxw.cc/html/106420/
网配之大神攻略,https://www.23wxw.cc/html/106400/
帝少宠入骨：宝贝，乖！,https://www.23wxw.cc/html/106341/
锦绣清宫：四爷，偏要宠,https://www.23wxw.cc/html/106308/
快穿逆袭：娇妻黑化ing,https://www.23wxw.cc/html/106298/
重生娱乐圈：国民女神，轻点抱,https://www.23wxw.cc/html/106295/
仙与仙寻,https://www.23wxw.cc/html/106090/
宠婚入骨：软绵萌妻不二嫁,https://www.23wxw.cc/html/106071/
奉旨为妃：扑倒妖娆王爷,https://www.23wxw.cc/html/106064/
凤谋天下之谁与江山,https://www.23wxw.cc/html/106058/
妾本农人,https://www.23wxw.cc/html/106056/
红鸾星动：八王爷的爆笑宠妃,https://www.23wxw.cc/html/106046/
重生萌夫追妻,https://www.23wxw.cc/html/106043/
烈焰鬼瞳：异能王妃定天下,https://www.23wxw.cc/html/106037/
废世子的狂宠：嫡女医仙,https://www.23wxw.cc/html/106034/
皆是缘,https://www.23wxw.cc/html/106027/
腹黑萌宝贝：邪王盛宠小医妃,https://www.23wxw.cc/html/106024/
末世剩女为王,https://www.23wxw.cc/html/106022/
魅杀天下：重生嫡女不好惹,https://www.23wxw.cc/html/106020/
花田喜事：傲世医女斗邪夫,https://www.23wxw.cc/html/106019/
银针太子妃,https://www.23wxw.cc/html/106017/
误惹佳人：BOSS，请温柔,https://www.23wxw.cc/html/106015/
婚后相爱：腹黑老公爆萌妻,https://www.23wxw.cc/html/105997/
百万小萌宝：闪婚老公太霸道,https://www.23wxw.cc/html/105988/
修仙炮灰进化史,https://www.23wxw.cc/html/105982/
66亿求爱：首席的甜宠娇妻,https://www.23wxw.cc/html/105969/
帝少独家霸爱：御用宝贝,https://www.23wxw.cc/html/105966/
重生之富贵盈门,https://www.23wxw.cc/html/105963/
纨绔嫡女：金牌毒妃,https://www.23wxw.cc/html/105926/
相公咬一口：绝宠俏皮娘子,https://www.23wxw.cc/html/105914/
天价灵约：首席的驱魔甜妻,https://www.23wxw.cc/html/105909/
先婚后爱：首席娇妻惹不得,https://www.23wxw.cc/html/105901/
萌宝1加1：暴君老公找上门,https://www.23wxw.cc/html/105894/
天才萌宝：绵羊王爷精明妃,https://www.23wxw.cc/html/105890/
千亿盛宠：陆少的追妻攻略,https://www.23wxw.cc/html/105885/
傲世狂妃：绝色夫君请上榻,https://www.23wxw.cc/html/105873/
深山傀事,https://www.23wxw.cc/html/105860/
亿万聘金：强娶豪门甜妻,https://www.23wxw.cc/html/105858/
邪王的金牌专宠：盗妃天下,https://www.23wxw.cc/html/105827/
豪门盛宠：霸道老公轻点爱,https://www.23wxw.cc/html/105819/
特种兵公主：本妃天下无双,https://www.23wxw.cc/html/105810/
田园宠婚：天价小农女,https://www.23wxw.cc/html/105784/
纯情爱恋：豪门宠妻千百度,https://www.23wxw.cc/html/105764/
冷面君王之独宠弃妇,https://www.23wxw.cc/html/105748/
惑君咒：“男人”也倾城,https://www.23wxw.cc/html/105744/
亿万继承者的宠婚,https://www.23wxw.cc/html/105727/
一大波丧尸即将来袭,https://www.23wxw.cc/html/105723/
嫡女毒心,https://www.23wxw.cc/html/105709/
神医萌妃：妖孽帝君太腹黑,https://www.23wxw.cc/html/105698/
夺心计：独宠狂傲小娇妻,https://www.23wxw.cc/html/105695/
天才宝宝：帅气爹地萌妈咪,https://www.23wxw.cc/html/105688/
后宫凶猛：哑后也彪悍,https://www.23wxw.cc/html/105685/
独步惊情：盛宠毒妃,https://www.23wxw.cc/html/105671/
特工皇妃：皇上我要废了你,https://www.23wxw.cc/html/105664/
将门嫡女：庶出皇后不下堂,https://www.23wxw.cc/html/105661/
掠婚游戏：昱少毒宠妻,https://www.23wxw.cc/html/105647/
极品武后：惊世艳绝获君心,https://www.23wxw.cc/html/105644/
弑王妖妃,https://www.23wxw.cc/html/105636/
宫心计：毓婉传,https://www.23wxw.cc/html/105616/
空间农妇：最强俏媳山里汉,https://www.23wxw.cc/html/105612/
嚣张医妃：暴烈王爷独家爱,https://www.23wxw.cc/html/105600/
大牌驾到：迷糊萌妻碗里来,https://www.23wxw.cc/html/105598/
娇妻别逃：饿狼总裁欺上身,https://www.23wxw.cc/html/105564/
豪门弃妇：前妻再嫁我一次,https://www.23wxw.cc/html/105560/
宠妻成瘾：冷面前夫太难缠,https://www.23wxw.cc/html/105506/
恶魔殿下，站住！,https://www.23wxw.cc/html/105495/
一朝天子一朝凰,https://www.23wxw.cc/html/105494/
冷萌双宝：冰山爹爹求扑倒,https://www.23wxw.cc/html/105487/
步步沦陷：首席相爱恨晚,https://www.23wxw.cc/html/105485/
绝色仙妃：错嫁冷情王爷,https://www.23wxw.cc/html/105482/
萌妃逆袭：王爷别闹专心点,https://www.23wxw.cc/html/105478/
名门绝恋：第一千金,https://www.23wxw.cc/html/105473/
盛世良缘：农门世子妃,https://www.23wxw.cc/html/105467/
千年绝宠：修罗帝妃不好惹,https://www.23wxw.cc/html/105465/
印第安王妃,https://www.23wxw.cc/html/105457/
至尊灵气师：天帝盛世毒宠,https://www.23wxw.cc/html/105451/
鬼瞳少女,https://www.23wxw.cc/html/105432/
邪王抢亲：天命帝后,https://www.23wxw.cc/html/105417/
特工嫁到：彪悍小王妃,https://www.23wxw.cc/html/105397/
宅萌喜事,https://www.23wxw.cc/html/105326/
甜蜜逃婚：萌妻好贼,https://www.23wxw.cc/html/105315/
江山为聘：凰权倾天下,https://www.23wxw.cc/html/105314/
巨星养成攻略,https://www.23wxw.cc/html/105285/
金钻豪门：青龙总裁天师妻,https://www.23wxw.cc/html/105262/
下堂相公太妖孽,https://www.23wxw.cc/html/105256/
穿越田缘：宠爆顽皮小医娘,https://www.23wxw.cc/html/105247/
豪门盛宠：冷酷Boss我不要,https://www.23wxw.cc/html/105243/
悍妻之奴家要跑路,https://www.23wxw.cc/html/105241/
四号特工组：傻子小小姐,https://www.23wxw.cc/html/105235/
重生之娇妻有毒,https://www.23wxw.cc/html/105234/
溺宠之妃常到位,https://www.23wxw.cc/html/105231/
宫斗：夺心皇妃,https://www.23wxw.cc/html/105227/
驸马无双,https://www.23wxw.cc/html/105220/
别惹姐：弟弟闪边去,https://www.23wxw.cc/html/105211/
青殇阙,https://www.23wxw.cc/html/105208/
混血狂仙：极品孤女要遮天,https://www.23wxw.cc/html/105190/
豪门独爱：盛宠天价小甜妻,https://www.23wxw.cc/html/105162/
富贵农门,https://www.23wxw.cc/html/105159/
总裁求抱抱：龙少的傲娇萌妻,https://www.23wxw.cc/html/105152/
快穿之寻找十二魂器,https://www.23wxw.cc/html/105140/
鬼王的金牌宠姬,https://www.23wxw.cc/html/105127/
绝色逆天妖后：第一腹黑帝,https://www.23wxw.cc/html/105124/
帅哥是只猫,https://www.23wxw.cc/html/105123/
流氓王妃：王爷嫁我吧,https://www.23wxw.cc/html/105118/
凤惊天下：女帝芳华绝代,https://www.23wxw.cc/html/105104/
至尊宠妃：王妃太凶悍,https://www.23wxw.cc/html/105098/
二嫁豪门阔少：抢来的妻子,https://www.23wxw.cc/html/105078/
家有腹黑老公：甜蜜追妻101次,https://www.23wxw.cc/html/105045/
豪门萌妻：钱夫相亲一万次,https://www.23wxw.cc/html/105042/
强娶王妃：王爷太霸道,https://www.23wxw.cc/html/105017/
萌宝当家：驱魔妈咪酷爹地,https://www.23wxw.cc/html/105008/
家有叼妻：极品美男hold不住,https://www.23wxw.cc/html/105005/
宠妻无度：神医世子妃,https://www.23wxw.cc/html/104981/
木萦仙记,https://www.23wxw.cc/html/104948/
盛世婚宠：腹黑帝后,https://www.23wxw.cc/html/104946/
一婚到底：律师老公难说服,https://www.23wxw.cc/html/104932/
聘礼天下：娶个皇妃很要命,https://www.23wxw.cc/html/104931/
失忆魔尊：独宠傲世狂妃,https://www.23wxw.cc/html/104930/
通缉令：逃爱灰姑娘,https://www.23wxw.cc/html/104920/
废材倾城：坏坏小王妃,https://www.23wxw.cc/html/104918/
蜜爱之旅：新娘带球落跑,https://www.23wxw.cc/html/104912/
心有灵犀梦江山,https://www.23wxw.cc/html/104908/
强吻100次：首席奢宠小甜心,https://www.23wxw.cc/html/104906/
星际呆萌传,https://www.23wxw.cc/html/104904/
穿越种田忙,https://www.23wxw.cc/html/104890/
神妃逗邪皇：嗜血狂后傲娇妻,https://www.23wxw.cc/html/104880/
一婚还比一婚高,https://www.23wxw.cc/html/104877/
邪王妻管严：腹黑杀手妃,https://www.23wxw.cc/html/104870/
田园秋香：弃妇翻身发家致富,https://www.23wxw.cc/html/104867/
总裁一转身：宝贝妈咪快跑,https://www.23wxw.cc/html/104842/
星壶,https://www.23wxw.cc/html/104836/
名门婚宠：首席溺宠小小妻,https://www.23wxw.cc/html/104821/
腹黑宝贝pk邪帝：妈咪是我的,https://www.23wxw.cc/html/104820/
迷糊丫头腹黑郎：爱人别想逃,https://www.23wxw.cc/html/104818/
掌宅,https://www.23wxw.cc/html/104814/
盛世福嫁,https://www.23wxw.cc/html/104800/
毒妃倾城：清冷王爷很腹黑,https://www.23wxw.cc/html/104795/
邪王宠妻无下限：王牌特工妃,https://www.23wxw.cc/html/104781/
真爱为眸,https://www.23wxw.cc/html/104777/
天才战斗师：狂爆嫡妃,https://www.23wxw.cc/html/104765/
胭脂诀：判官娘子很倾城,https://www.23wxw.cc/html/104762/
重生之满地桃花香,https://www.23wxw.cc/html/104746/
仙子戏王爷：蔷薇小婢女,https://www.23wxw.cc/html/104726/
田园农家乐,https://www.23wxw.cc/html/104719/
皇权至上：邪魅九公主,https://www.23wxw.cc/html/104718/
六宫盛宠,https://www.23wxw.cc/html/104714/
误嫁豪门：权少持证骗婚,https://www.23wxw.cc/html/104708/
废材轻狂：绝色战魂师,https://www.23wxw.cc/html/104692/
凤逆九天：狂傲王妃惹不起,https://www.23wxw.cc/html/104689/
魔帝狂妃：毒医三小姐,https://www.23wxw.cc/html/104682/
倒追男神攻略：我为大叔狂,https://www.23wxw.cc/html/104678/
傲娇大小姐：总裁，我是你前妻,https://www.23wxw.cc/html/104666/
苍穹逆妃：绝色妖君纵妻无度,https://www.23wxw.cc/html/104642/
爆笑追妻：妖孽99次挨揍,https://www.23wxw.cc/html/104635/
重生之太后养成,https://www.23wxw.cc/html/104632/
妃常有毒：极品王爷请接旨,https://www.23wxw.cc/html/104631/
重生金牌冰人,https://www.23wxw.cc/html/104594/
萌宝帮帮忙：名媛待嫁中,https://www.23wxw.cc/html/104555/
云女喜嫁,https://www.23wxw.cc/html/104554/
拒嫁太子爷：全球缉捕少夫人,https://www.23wxw.cc/html/104533/
第一丑后：皇上，求翻牌,https://www.23wxw.cc/html/104527/
拒宠佳人：嚣张女侍卫,https://www.23wxw.cc/html/104518/
惹上腹黑男：毒爱逃妻,https://www.23wxw.cc/html/104516/
绝色女奴，乱世王妃,https://www.23wxw.cc/html/104490/
爆萌小邪妃：腹黑皇叔，轻点宠,https://www.23wxw.cc/html/104478/
独家专宠：蜜糖甜妻有点萌,https://www.23wxw.cc/html/104472/
系统之骄纵,https://www.23wxw.cc/html/104449/
爆笑囧妃：爷，到碗里来,https://www.23wxw.cc/html/104411/
星际打脸之旅,https://www.23wxw.cc/html/104392/
逆世狂颜：爆笑杀手女神,https://www.23wxw.cc/html/104389/
反穿：炮灰女修在末世,https://www.23wxw.cc/html/104377/
萌系暗恋：偷心高冷祁少,https://www.23wxw.cc/html/104368/
非你不娶：席少的新娘,https://www.23wxw.cc/html/104353/
浮华掠影：宫闱,https://www.23wxw.cc/html/104332/
重生之绝世巫女：弃妃来袭,https://www.23wxw.cc/html/104323/
错嫁良缘,https://www.23wxw.cc/html/104308/
拒收帝王宠：求一纸休书,https://www.23wxw.cc/html/104292/
甜蜜霸宠：首席的失忆小娇妻,https://www.23wxw.cc/html/104262/
宝贝计划：爹地快跑呀,https://www.23wxw.cc/html/104251/
添香食色,https://www.23wxw.cc/html/104240/
神医魔妃：腹黑王爷别惹我,https://www.23wxw.cc/html/104231/
喜乐田缘：妖孽王爷俏农女,https://www.23wxw.cc/html/104227/
美味小厨娘：世子尝一尝,https://www.23wxw.cc/html/104210/
凤倾天下：嚣张王爷假萌妃,https://www.23wxw.cc/html/104207/
一妃冲天：无良小姐戏魔皇,https://www.23wxw.cc/html/104192/
凤鸣倾天下：素手戏红尘,https://www.23wxw.cc/html/104180/
傲世毒妃：凤弑天下,https://www.23wxw.cc/html/104173/
刁蛮小宠妃：妖孽王爷太腹黑,https://www.23wxw.cc/html/104140/
BOSS开道：傲娇萌妻太难缠,https://www.23wxw.cc/html/104135/
嫡女复仇路：相府千金不好惹,https://www.23wxw.cc/html/104087/
蜜糖婚宠：腹黑总裁甜心妻,https://www.23wxw.cc/html/104084/
别来无炴,https://www.23wxw.cc/html/104077/
云起京华：倾世废后三生恋,https://www.23wxw.cc/html/104053/
别惹复仇冷女：同学请靠边,https://www.23wxw.cc/html/104030/
阴阳秘术之鬼瞳,https://www.23wxw.cc/html/104021/
绝世惊华：鬼妃逆天下,https://www.23wxw.cc/html/104006/
红楼之天下为棋,https://www.23wxw.cc/html/104005/
重生亿万豪恋：宠你没下限,https://www.23wxw.cc/html/103999/
庶女无心,https://www.23wxw.cc/html/103996/
执子之手：赖定绝色相公,https://www.23wxw.cc/html/103989/
盛宠：老婆带我回家吧,https://www.23wxw.cc/html/103957/
丹华仙章,https://www.23wxw.cc/html/103954/
豪门第一婚宠,https://www.23wxw.cc/html/103951/
首席追爱到底：娇妻别想逃,https://www.23wxw.cc/html/103941/
仙尘路漫漫,https://www.23wxw.cc/html/103940/
步步囚情：妖娆杀手腹黑王,https://www.23wxw.cc/html/103924/
我为君狂,https://www.23wxw.cc/html/103919/
九重凤阁：皇后不愁嫁,https://www.23wxw.cc/html/103885/
百亿新娘：首席宠妻无下限,https://www.23wxw.cc/html/103880/
庶女宅斗日常,https://www.23wxw.cc/html/103867/
乱世倾歌：重生女帝祸苍穹,https://www.23wxw.cc/html/103866/
驭夫有道：豪门小娇妻,https://www.23wxw.cc/html/103861/
王牌痞妃：医毒三小姐,https://www.23wxw.cc/html/103841/
豪门盛宠：腹黑总裁影后妻,https://www.23wxw.cc/html/103824/
闪婚蜜爱：高冷老公二选一,https://www.23wxw.cc/html/103797/
邪王宠妻：混世小法医,https://www.23wxw.cc/html/103789/
特工也修仙,https://www.23wxw.cc/html/103785/
一等王后：女人你别太嚣张,https://www.23wxw.cc/html/103781/
步步安宁,https://www.23wxw.cc/html/103777/
凤掩红妆,https://www.23wxw.cc/html/103776/
莫少归来：夫人最大宝贝第二,https://www.23wxw.cc/html/103773/
嫡女倾城：腹黑王爷逆袭妃,https://www.23wxw.cc/html/103769/
邪帝猖狂：哀家要废帝,https://www.23wxw.cc/html/103765/
宿世情缘：呆萌七小姐,https://www.23wxw.cc/html/103756/
一品医妃：王爷请息怒,https://www.23wxw.cc/html/103753/
穿越相府八小姐：教主皇后,https://www.23wxw.cc/html/103749/
第一辣妻：狂傲驭兽女神,https://www.23wxw.cc/html/103748/
奋斗在深宫：君王守爱,https://www.23wxw.cc/html/103743/
盛宠豪门：重生锦绣年华,https://www.23wxw.cc/html/103730/
萌宝皇叔齐争宠,https://www.23wxw.cc/html/103727/
金主的恩赐：豪门盛婚99天,https://www.23wxw.cc/html/103714/
香怡天下,https://www.23wxw.cc/html/103703/
男神别过来：大亨的纯情逃妻,https://www.23wxw.cc/html/103695/
假凤虚凰：钓上冰山皇叔,https://www.23wxw.cc/html/103660/
腹黑老公：萌妻乖乖入怀,https://www.23wxw.cc/html/103656/
霸道首席爱上我,https://www.23wxw.cc/html/103650/
傲世嫡女：妖孽滚远点,https://www.23wxw.cc/html/103648/
继少的专属新娘：豪门惊婚,https://www.23wxw.cc/html/103639/
医妃逆天：腹黑鬼王猛缠妻,https://www.23wxw.cc/html/103633/
本妃逃婚中：王爷，咱俩没钱途,https://www.23wxw.cc/html/103627/
迷路的灰姑娘,https://www.23wxw.cc/html/103614/
流浪郡主,https://www.23wxw.cc/html/103609/
异族妖女：翻覆天下只为君,https://www.23wxw.cc/html/103608/
豪门秘恋：首席爱上我,https://www.23wxw.cc/html/103599/
王牌设计师：萌妃霓裳天下,https://www.23wxw.cc/html/103598/
隐婚99次：高冷娇妻别想跑,https://www.23wxw.cc/html/103595/
浮生妖志异,https://www.23wxw.cc/html/103592/
山河为聘：爱妃请赐宠,https://www.23wxw.cc/html/103586/
彪悍村姑：世子，到田里来,https://www.23wxw.cc/html/103582/
夺爱之错惹权少,https://www.23wxw.cc/html/103581/
鬼王盛宠妖妃,https://www.23wxw.cc/html/103573/
男神试婚365天：金牌娇妻有点野,https://www.23wxw.cc/html/103564/
宠你成瘾：首席的天价宝贝,https://www.23wxw.cc/html/103563/
祸国妖后谋天下：权色巅峰,https://www.23wxw.cc/html/103550/
陌家少年：追爱,https://www.23wxw.cc/html/103542/
妃本张狂：废柴嫡女娶邪王,https://www.23wxw.cc/html/103535/
豪门暖婚：名门大少的千金妻,https://www.23wxw.cc/html/103512/
重生仙界小土豪,https://www.23wxw.cc/html/103509/
薄情前夫过妻不候,https://www.23wxw.cc/html/103505/
天王驾到：狼女命中红心,https://www.23wxw.cc/html/103500/
亿万契约：杠上钻石老公,https://www.23wxw.cc/html/103486/
独家宠婚：高冷老公呆萌妻,https://www.23wxw.cc/html/103473/
妃常可爱：舞林萌主降魔计,https://www.23wxw.cc/html/103472/
唯吾独尊：废物之崛起,https://www.23wxw.cc/html/103446/
天才草包嫡女：逆天小狂后,https://www.23wxw.cc/html/103440/
嫡商,https://www.23wxw.cc/html/103420/
追捕财迷妻：爹地来了，儿子快跑,https://www.23wxw.cc/html/103391/
名少的神秘老婆：豪门枭宠AA制,https://www.23wxw.cc/html/103381/
错惹99次：律师高冷有药医,https://www.23wxw.cc/html/103365/
一品嫡女：丑女重生录,https://www.23wxw.cc/html/103363/
残王毒妃：本宫有系统,https://www.23wxw.cc/html/103361/
欢喜冤家：我的邻居是男神,https://www.23wxw.cc/html/103356/
农家娇娇女,https://www.23wxw.cc/html/103349/
邪帝霸爱：腹黑嚣张妻,https://www.23wxw.cc/html/103348/
嫁入豪门不如悠闲种田,https://www.23wxw.cc/html/103347/
鬼面王妃倾城爱：皇上放开我,https://www.23wxw.cc/html/103334/
饿狼出没,https://www.23wxw.cc/html/103325/
命运劫：不小心，爱上你,https://www.23wxw.cc/html/103322/
权少追妻N次方：豪门独爱,https://www.23wxw.cc/html/103316/
情深无怨,https://www.23wxw.cc/html/103315/
霸道BOSS太危险：天价弃妻,https://www.23wxw.cc/html/103308/
仙家有画：神尊宠妃很霸气,https://www.23wxw.cc/html/103307/
豪门权少：误惹妖孽首席,https://www.23wxw.cc/html/103299/
杀手重生：天价老妈腹黑娃,https://www.23wxw.cc/html/103296/
夫君不幸：恶妻闹翻天,https://www.23wxw.cc/html/103288/
锦绣荣华乱世歌,https://www.23wxw.cc/html/103287/
邪王萌宠：惹火妖妃倾天下,https://www.23wxw.cc/html/103285/
修真之剑仙归来,https://www.23wxw.cc/html/103282/
吃货萌宝仁心妃,https://www.23wxw.cc/html/103280/
家有腹黑王：逆天萌妃来算卦,https://www.23wxw.cc/html/103273/
史上最强驭兽农女,https://www.23wxw.cc/html/103271/
杠上天王：麻雀变凤凰,https://www.23wxw.cc/html/103260/
天价新妻：误犯危情总裁,https://www.23wxw.cc/html/103257/
佳人有毒：重生太子妃,https://www.23wxw.cc/html/103250/
错嫁公主：史上最火爆鬼夫,https://www.23wxw.cc/html/103244/
名门弃女：神医太子妃,https://www.23wxw.cc/html/103242/
高冷老婆领回家：前妻，走领证,https://www.23wxw.cc/html/103240/
绝色痞子女：恋上你的味道,https://www.23wxw.cc/html/103227/
浴火重生：恶魔五小姐,https://www.23wxw.cc/html/103222/
天降钻石妻：男神的专属宝贝,https://www.23wxw.cc/html/103220/
杠上傲骄冷王：爷，妾身不暖床,https://www.23wxw.cc/html/103208/
逆天女配：毒女大翻身,https://www.23wxw.cc/html/103207/
痞夫有责：公主快到碗里来,https://www.23wxw.cc/html/103202/
霸爱娇妻,https://www.23wxw.cc/html/103188/
尘扬烟飞：来自七年前的你,https://www.23wxw.cc/html/103187/
豪门契约：拒嫁痞子夫,https://www.23wxw.cc/html/103175/
帆的测试书,https://www.23wxw.cc/html/103174/
首富之妻不可欺,https://www.23wxw.cc/html/103159/
一纸婚书：豪门第一夫人,https://www.23wxw.cc/html/103157/
盛世宠婚：妈咪请签收,https://www.23wxw.cc/html/103156/
婆婆，拜拜！,https://www.23wxw.cc/html/103145/
倾世天下：烈火神妃,https://www.23wxw.cc/html/103144/
嚣张女王爷，美男夫君太绝色,https://www.23wxw.cc/html/103138/
惑乱天下：跑江湖魅君心,https://www.23wxw.cc/html/103128/
穿书之恶女攻略,https://www.23wxw.cc/html/103124/
美男缠身：爱上魔界公主,https://www.23wxw.cc/html/103123/
养成外星人老婆：萌妻无下限,https://www.23wxw.cc/html/103122/
高门王妃：嫡女倾城,https://www.23wxw.cc/html/103114/
豪门错嫁：落魄千金的逆袭,https://www.23wxw.cc/html/103111/
偶像来了：绯闻天后进化论,https://www.23wxw.cc/html/103106/
先婚厚爱：首席秘妻,https://www.23wxw.cc/html/103101/
农女有福,https://www.23wxw.cc/html/103099/
空姐穿越：惹上冷情王爷,https://www.23wxw.cc/html/103097/
绝世仙骨,https://www.23wxw.cc/html/103078/
天生妖仙,https://www.23wxw.cc/html/103076/
儿子装疯娘亲卖傻：王爷玩不过我,https://www.23wxw.cc/html/103070/
妃常拒宠：狼性王爷太无耻,https://www.23wxw.cc/html/103068/
穿越女配：废柴逆天修仙,https://www.23wxw.cc/html/103063/
鬼手神医：冥王的腹黑狂妃,https://www.23wxw.cc/html/103058/
妖妖玉仙,https://www.23wxw.cc/html/103057/
爆笑追妻：娘子逃跑一百次,https://www.23wxw.cc/html/103056/
穿越掉入钱眼的女人：黄金新娘,https://www.23wxw.cc/html/103052/
失心倒计时：名门少爷的遗爱,https://www.23wxw.cc/html/103050/
一朝穿越：侯门嫡女至尊天下,https://www.23wxw.cc/html/103049/
竹马在身边：豪门千亿老婆,https://www.23wxw.cc/html/103045/
亿万萌宝贝：妈咪，快回家,https://www.23wxw.cc/html/103044/
仙玉良缘,https://www.23wxw.cc/html/103043/
杀手狂妃：庶女冷情,https://www.23wxw.cc/html/103039/
异世重生：废柴大小姐,https://www.23wxw.cc/html/103038/
废材女县令：降服土匪相公,https://www.23wxw.cc/html/103036/
神医弃女：冰山王爷迷糊妃,https://www.23wxw.cc/html/103035/
女仙有毒：妖孽邪尊别过来,https://www.23wxw.cc/html/103033/
盛世庶妃,https://www.23wxw.cc/html/103031/
金牌配角：天才制符师,https://www.23wxw.cc/html/103030/
古墓里的新娘：狂暴二小姐,https://www.23wxw.cc/html/103029/
天狐闯仙路,https://www.23wxw.cc/html/103028/
豪门霸宠：腹黑首席毒宠妻,https://www.23wxw.cc/html/103027/
爆囧萌妃：王爷别急嘛,https://www.23wxw.cc/html/103023/
王的九尾狐妃：独领天下,https://www.23wxw.cc/html/103018/
炮灰来袭：师兄站住，打劫,https://www.23wxw.cc/html/103017/
邪仙难得,https://www.23wxw.cc/html/103016/
豪门霸爱：爵少独宠麻辣妻,https://www.23wxw.cc/html/103014/
逆世狂女：废材三小姐,https://www.23wxw.cc/html/103009/
倾世美人：至尊邪凤惊天下,https://www.23wxw.cc/html/103008/
买来的王妃：放倒狂傲王爷,https://www.23wxw.cc/html/103007/
暗帝的邪妻,https://www.23wxw.cc/html/103003/
贡品皇后VS邪魅暴君：独宠俏后,https://www.23wxw.cc/html/103002/
盛世情侠：云殇,https://www.23wxw.cc/html/103001/
缥缈寻仙途,https://www.23wxw.cc/html/102999/
犀利贼宝：邪魅爹地呆萌娘亲,https://www.23wxw.cc/html/102994/
BOSS来了：嘟嘟快跑,https://www.23wxw.cc/html/102984/
寻仙游,https://www.23wxw.cc/html/102980/
邪妃酷霸狂帅拽,https://www.23wxw.cc/html/102977/
逆天魔后：废材四小姐,https://www.23wxw.cc/html/102962/
养妻为患：妖孽魅君别纠缠,https://www.23wxw.cc/html/102955/
家有仙宠,https://www.23wxw.cc/html/102950/
嫡女纨绔：邪王的小野妃,https://www.23wxw.cc/html/102943/
重生成妖之萌宝来袭,https://www.23wxw.cc/html/102929/
欢儿欲仙,https://www.23wxw.cc/html/102927/
帝姬重生：吃货本纯良,https://www.23wxw.cc/html/102926/
医手遮仙,https://www.23wxw.cc/html/102924/
仙若莲花,https://www.23wxw.cc/html/102922/
逝水仙路,https://www.23wxw.cc/html/102917/
腹黑王爷的娃娃妃,https://www.23wxw.cc/html/102915/
凡女修仙,https://www.23wxw.cc/html/102911/
霸气小农女：世子，碗里来,https://www.23wxw.cc/html/102908/
柔情王爷酷王妃：舟醉流云,https://www.23wxw.cc/html/102906/
99度甜：大牌萌妻赖上门,https://www.23wxw.cc/html/102905/
逆天双修：无良女魔头,https://www.23wxw.cc/html/102904/
盛宠纨绔妃：痞子王爷求上位,https://www.23wxw.cc/html/102903/
昭顺皇后,https://www.23wxw.cc/html/102902/
鬼王毒妻：爱妃躺好，等爷宠,https://www.23wxw.cc/html/102900/
仙羁,https://www.23wxw.cc/html/102899/
仙儿动天下：绝色女法师,https://www.23wxw.cc/html/102898/
妖惑天下：呆蠢徒儿你不乖,https://www.23wxw.cc/html/102897/
邪王训妃：别惹蛇蝎嫡女,https://www.23wxw.cc/html/102865/
邪王绝宠：逆天小狂妃,https://www.23wxw.cc/html/102860/
爆笑冤家：极品奸妃戏邪皇,https://www.23wxw.cc/html/102854/
一品废柴：萌妃升职记,https://www.23wxw.cc/html/102850/
致命婚宠：前妻离婚无效,https://www.23wxw.cc/html/102841/
前世今生爱相随,https://www.23wxw.cc/html/102840/
逃婚蜜战：傲娇萌妻太霸道,https://www.23wxw.cc/html/102838/
仙绝：无毒不成仙,https://www.23wxw.cc/html/102828/
萌仙逆袭：师伯太妖娆,https://www.23wxw.cc/html/102826/
吃货来袭：萌萌仙妃,https://www.23wxw.cc/html/102815/
冷王绝宠：王妃太嚣张,https://www.23wxw.cc/html/102814/
带着法师系统去修仙,https://www.23wxw.cc/html/102813/
重塑仙缘,https://www.23wxw.cc/html/102809/
六零军嫂有空间,https://www.23wxw.cc/html/102797/
天价萌婚：男神大人的独家妻,https://www.23wxw.cc/html/102794/
病娇弱女王：地主家没有余粮,https://www.23wxw.cc/html/102792/
名门婚宠：早安，小鲜妻,https://www.23wxw.cc/html/102786/
天降萌妃：龙王大人别羞羞,https://www.23wxw.cc/html/102782/
田园夫子：高傲郡王俊俏妻,https://www.23wxw.cc/html/102781/
邪王霸宠：异能王妃太嚣张,https://www.23wxw.cc/html/102776/
冥界双生妃：太子别无礼,https://www.23wxw.cc/html/102757/
神女有毒：邪王别过来,https://www.23wxw.cc/html/102752/
亿万魔少：复仇娇妻满身宝,https://www.23wxw.cc/html/102749/
夫君已养成：世子，我不嫁,https://www.23wxw.cc/html/102747/
狐迹仙踪,https://www.23wxw.cc/html/102735/
盛世独宠：逃嫁太子妃,https://www.23wxw.cc/html/102729/
萌女追夫：神仙大人，要不要,https://www.23wxw.cc/html/102724/
傲世女仙,https://www.23wxw.cc/html/102720/
逆袭太子妃：高冷男神桀骜妻,https://www.23wxw.cc/html/102710/
妖女驾到：弃妃难再求,https://www.23wxw.cc/html/102706/
尘世风华：逆天除魔师,https://www.23wxw.cc/html/102699/
无敌俏小将,https://www.23wxw.cc/html/102689/
空间农女：种田丫头要翻天,https://www.23wxw.cc/html/102688/
天才驭兽师：错惹腹黑帝,https://www.23wxw.cc/html/102686/
惊世妖娆：异女傲苍穹,https://www.23wxw.cc/html/102685/
小宠妃养成2.0：邪王，你站住,https://www.23wxw.cc/html/102681/
封灵仙,https://www.23wxw.cc/html/102680/
只是一只兽,https://www.23wxw.cc/html/102679/
杀手的诱惑：绝色娇宠,https://www.23wxw.cc/html/102678/
第一女婢：大尚宫传奇,https://www.23wxw.cc/html/102677/
爆笑宠妻：无良夫妻要翻天,https://www.23wxw.cc/html/102675/
仙道新咏,https://www.23wxw.cc/html/102668/
全球缉捕：邪魅帝少PK逆天狂妻,https://www.23wxw.cc/html/102667/
名花倾国：艳冠天下,https://www.23wxw.cc/html/102663/
锦秀灵仙,https://www.23wxw.cc/html/102649/
豪门甜婚：淘气小萌妻,https://www.23wxw.cc/html/102644/
妃同小可：妖孽王爷猛追妻,https://www.23wxw.cc/html/102638/
凡世仙缘：萌女追夫,https://www.23wxw.cc/html/102636/
傻王追妻：神偷废柴妃,https://www.23wxw.cc/html/102632/
沐童成神记,https://www.23wxw.cc/html/102630/
喋血宫闱谋：煞妃惊华,https://www.23wxw.cc/html/102625/
首席乖乖宝贝：萌宠小女人,https://www.23wxw.cc/html/102623/
逆天毒女四小姐,https://www.23wxw.cc/html/102614/
凰尊：丑后逆天,https://www.23wxw.cc/html/102594/
修仙小鬼妃,https://www.23wxw.cc/html/102569/
霸气军长成神路,https://www.23wxw.cc/html/102563/
豪门攻心计：傲娇小前妻,https://www.23wxw.cc/html/102561/
绝色妖姬，黑化男主起来嗨,https://www.23wxw.cc/html/102555/
大婚晚成：暖妻，结婚吧,https://www.23wxw.cc/html/102551/
邪王独宠：弃妃乱天下,https://www.23wxw.cc/html/102548/
生生世世的爱：悲情皇后,https://www.23wxw.cc/html/102546/
蔷色山河,https://www.23wxw.cc/html/102539/
千金太财迷：王爷吃完请付钱,https://www.23wxw.cc/html/102533/
九璀医娘,https://www.23wxw.cc/html/102525/
萌悍仙妻,https://www.23wxw.cc/html/102524/
先婚后爱：老婆，不离婚,https://www.23wxw.cc/html/102512/
妻势汹汹,https://www.23wxw.cc/html/102511/
穿越女秒杀天子：欺君获爱,https://www.23wxw.cc/html/102510/
凤在苍穹,https://www.23wxw.cc/html/102506/
至尊狂凤：神兽召唤师,https://www.23wxw.cc/html/102500/
妖妻难降：竹马来捉鬼,https://www.23wxw.cc/html/102494/
倾世绝宠：纨绔世子呆萌妃,https://www.23wxw.cc/html/102490/
玉骨仙路,https://www.23wxw.cc/html/102484/
离婚无效：冒牌未婚妻,https://www.23wxw.cc/html/102482/
凡女修仙传,https://www.23wxw.cc/html/102478/
修修仙谈谈情,https://www.23wxw.cc/html/102475/
天才魔妃：特工四小姐,https://www.23wxw.cc/html/102473/
魔王宠妻：学兄，请指教,https://www.23wxw.cc/html/102468/
杠上暴君：王妃喊你去种田,https://www.23wxw.cc/html/102467/
穿越之农女有点甜,https://www.23wxw.cc/html/102465/
前方王爷出没，王妃快逃,https://www.23wxw.cc/html/102464/
邪尊霸宠：傲娇逆天九小姐,https://www.23wxw.cc/html/102460/
天域歌飞：我为君狂,https://www.23wxw.cc/html/102456/
半劫缘,https://www.23wxw.cc/html/102455/
傲世狂妃：狠帝绝爱,https://www.23wxw.cc/html/102454/
绝色仙妃：错嫁冷情王爷,https://www.23wxw.cc/html/102441/
仙途传奇,https://www.23wxw.cc/html/102437/
巫裔仙途,https://www.23wxw.cc/html/102435/
倾城妖娆：腹黑公子好难缠,https://www.23wxw.cc/html/102410/
绝色丑妃：傻王很腹黑,https://www.23wxw.cc/html/102403/
丫鬟空间：拐个少爷来种田,https://www.23wxw.cc/html/102387/
婢妃善类：暴爷，用力！,https://www.23wxw.cc/html/102386/
御夫有稻：绝世娘子懒为妃,https://www.23wxw.cc/html/102381/
阴阳鬼探,https://www.23wxw.cc/html/101969/
我的女友是狐妖,https://www.23wxw.cc/html/101886/
尸村,https://www.23wxw.cc/html/101780/
妖晶入手指南,https://www.23wxw.cc/html/101771/
宝贝儿道爷,https://www.23wxw.cc/html/101685/
我的老婆是猎鬼师,https://www.23wxw.cc/html/101635/
阴阳鬼记,https://www.23wxw.cc/html/101473/
鬼伏,https://www.23wxw.cc/html/101442/
茅山鬼道之尸道,https://www.23wxw.cc/html/101322/
都市极品天师,https://www.23wxw.cc/html/98920/
灵异直播间：冥王老公宠宠宠,https://www.23wxw.cc/html/98567/
网红大天师：鬼怪大叔蜜糖恋,https://www.23wxw.cc/html/98469/
总裁老公在上：宝贝你好甜,https://www.23wxw.cc/html/97972/
玉手刀锋,https://www.23wxw.cc/html/97515/
八梳诀,https://www.23wxw.cc/html/97469/
生死惊魂游戏,https://www.23wxw.cc/html/97337/
你与流年皆负我,https://www.23wxw.cc/html/93185/
猛鬼直播间,https://www.23wxw.cc/html/92913/
直播看见鬼,https://www.23wxw.cc/html/91810/
霍先生宠妻无度,https://www.23wxw.cc/html/89492/
骑马钓鱼,https://www.23wxw.cc/html/89246/
地底之下,https://www.23wxw.cc/html/87083/
屌丝道士之厄运起源,https://www.23wxw.cc/html/87056/
豪门通灵萌妻,https://www.23wxw.cc/html/86867/
谁家府上泛轻舟,https://www.23wxw.cc/html/86645/
抬棺匠,https://www.23wxw.cc/html/85440/
死神少女：灵异怪谈社,https://www.23wxw.cc/html/85028/
豪门通灵萌妻：宫总，有鬼！,https://www.23wxw.cc/html/84981/
妖皇归来：冷傲鬼帝霸道爱,https://www.23wxw.cc/html/84883/
冥婚夜嫁：邪魅鬼夫，别傲娇！,https://www.23wxw.cc/html/84728/
奉天城有妖,https://www.23wxw.cc/html/84708/
都市超级鬼仙,https://www.23wxw.cc/html/84524/
邪骨阴阳,https://www.23wxw.cc/html/84454/
末日邮件,https://www.23wxw.cc/html/84286/
我当阴阳先生的那几年,https://www.23wxw.cc/html/80964/
众阁道遗,https://www.23wxw.cc/html/79961/
舰娘流浪中世纪,https://www.23wxw.cc/html/79826/
诸侯争霸之全球在线,https://www.23wxw.cc/html/79820/
无限之金牌卧底,https://www.23wxw.cc/html/79816/
超强鬼神系统,https://www.23wxw.cc/html/79814/
诡秘三千藏,https://www.23wxw.cc/html/79805/
梦幻西游之称霸天下,https://www.23wxw.cc/html/79555/
英雄无敌大宗师,https://www.23wxw.cc/html/79351/
神探探案记,https://www.23wxw.cc/html/77349/
灵狐仙踪,https://www.23wxw.cc/html/77309/
重生冥婚：傲娇鬼夫求轻宠,https://www.23wxw.cc/html/76993/
洛阳李狗子的盗墓生涯,https://www.23wxw.cc/html/75920/
至尊鬼道士,https://www.23wxw.cc/html/75250/
茅山之阴阳先生,https://www.23wxw.cc/html/74723/
墓盗书,https://www.23wxw.cc/html/74460/
谜案追凶之鬼夫鬼妻,https://www.23wxw.cc/html/71256/
锁魂鬼娘,https://www.23wxw.cc/html/70850/
冥婚霸宠：病娇龙夫太难缠,https://www.23wxw.cc/html/69467/
法医夫人也妖娆,https://www.23wxw.cc/html/69453/
阴婚之冥王来撩,https://www.23wxw.cc/html/69444/
谁动了我的前世今生,https://www.23wxw.cc/html/69086/
死神娇妻太难养,https://www.23wxw.cc/html/68992/
永夜灵魂,https://www.23wxw.cc/html/68841/
七令追杀,https://www.23wxw.cc/html/68606/
驱魔龙女,https://www.23wxw.cc/html/68530/
病娇王爷仵作妻,https://www.23wxw.cc/html/68523/
鬼妻狠撩人,https://www.23wxw.cc/html/68488/
孕鬼阴婚之猛鬼霸凌,https://www.23wxw.cc/html/68481/
白夜未了,https://www.23wxw.cc/html/68480/
铁捕娘子,https://www.23wxw.cc/html/68408/
如果爱能听到,https://www.23wxw.cc/html/68256/
大明女推官,https://www.23wxw.cc/html/68200/
西壁朝元,https://www.23wxw.cc/html/68194/
夜影迷踪特工集营,https://www.23wxw.cc/html/68185/
夫人乖，咱们不养鬼,https://www.23wxw.cc/html/68146/
悬情蜜爱之暖妻神探,https://www.23wxw.cc/html/68037/
冥婚强娶：灵王乖乖宠,https://www.23wxw.cc/html/68031/
驭风,https://www.23wxw.cc/html/67953/
凌世仙姬之黄泉冥仙,https://www.23wxw.cc/html/67789/
密爱追凶：男神住隔壁,https://www.23wxw.cc/html/67787/
我的吸血鬼长官之回归,https://www.23wxw.cc/html/67571/
阴阳路杂货铺,https://www.23wxw.cc/html/67562/
小鬼缠身,https://www.23wxw.cc/html/67529/
阴阳师探案,https://www.23wxw.cc/html/67421/
夏可事件簿,https://www.23wxw.cc/html/67394/
军长大人，你老婆的魂又跑了,https://www.23wxw.cc/html/67258/
直播之恐怖捉鬼人,https://www.23wxw.cc/html/67173/
恐怖救赎之世界尽头,https://www.23wxw.cc/html/66683/
都市之我是天狐,https://www.23wxw.cc/html/66578/
直播之神级赶尸匠,https://www.23wxw.cc/html/66548/
都市之破案狂少,https://www.23wxw.cc/html/66541/
灵魂摆渡之泰山府君,https://www.23wxw.cc/html/66446/
盗墓之长生诀,https://www.23wxw.cc/html/66444/
孤岛求生记,https://www.23wxw.cc/html/66331/
来自地幔,https://www.23wxw.cc/html/66268/
盗墓大法师,https://www.23wxw.cc/html/66117/
斗鱼直播之死亡现场,https://www.23wxw.cc/html/66088/
无限僵尸道士,https://www.23wxw.cc/html/66078/
步步惊悚,https://www.23wxw.cc/html/66074/
都市之活宝小道士,https://www.23wxw.cc/html/66050/
星球拾荒者,https://www.23wxw.cc/html/65973/
许你一生一世缘,https://www.23wxw.cc/html/65902/
都市之神级奶僧,https://www.23wxw.cc/html/65829/
唐人街探案之犯罪大师,https://www.23wxw.cc/html/65791/
猎魔传书,https://www.23wxw.cc/html/65609/
渡杨帛书,https://www.23wxw.cc/html/65599/
他从幽冥来,https://www.23wxw.cc/html/65432/
邪乱苍生,https://www.23wxw.cc/html/65245/
金火眼,https://www.23wxw.cc/html/65211/
弈案集,https://www.23wxw.cc/html/65192/
僵尸之电影风流,https://www.23wxw.cc/html/65142/
末世之老子是法爷,https://www.23wxw.cc/html/65138/
恐怖故事,https://www.23wxw.cc/html/65129/
这个末世有点槽,https://www.23wxw.cc/html/65096/
末世之草根帝王,https://www.23wxw.cc/html/65051/
制霸之灵异网游,https://www.23wxw.cc/html/65038/
盗墓之天下第一楼,https://www.23wxw.cc/html/65012/
最强黑白无常,https://www.23wxw.cc/html/64989/
猎美领域,https://www.23wxw.cc/html/64950/
都市之活过999天,https://www.23wxw.cc/html/64908/
都市之超神大侦探,https://www.23wxw.cc/html/64881/
怪物语,https://www.23wxw.cc/html/64867/
都市之超神渡魂人,https://www.23wxw.cc/html/64811/
玄事警察,https://www.23wxw.cc/html/64789/
诡行记,https://www.23wxw.cc/html/64776/
神圣的喜剧·地狱篇,https://www.23wxw.cc/html/64775/
都市之冷面阎王,https://www.23wxw.cc/html/64739/
都市之超级神探,https://www.23wxw.cc/html/64728/
末世之位面直播,https://www.23wxw.cc/html/64463/
末日之我和姐姐是僵尸,https://www.23wxw.cc/html/64331/
妖魔鬼怪世界大穿越,https://www.23wxw.cc/html/64291/
命师,https://www.23wxw.cc/html/64247/
直播之万界盗墓,https://www.23wxw.cc/html/64210/
时代之王,https://www.23wxw.cc/html/64122/
微笑末日,https://www.23wxw.cc/html/64002/
唐人街探案之我是神探,https://www.23wxw.cc/html/63992/
直播之附身审判系统,https://www.23wxw.cc/html/63946/
都市之邪恶蛊匠,https://www.23wxw.cc/html/63662/
极品俗人,https://www.23wxw.cc/html/63514/
僵尸之无敌道士,https://www.23wxw.cc/html/63513/
傲娇狐妻,https://www.23wxw.cc/html/63502/
阴阳郎中,https://www.23wxw.cc/html/63490/
蛊世录,https://www.23wxw.cc/html/58633/
末日崛起,https://www.23wxw.cc/html/54062/
时空位面穿越,https://www.23wxw.cc/html/53968/
鬼夫夜夜撩,https://www.23wxw.cc/html/53671/
现代探险实录,https://www.23wxw.cc/html/53313/
失落的方舟：造物遗产,https://www.23wxw.cc/html/53301/
鬼差工作笔记,https://www.23wxw.cc/html/53282/
地质勘探,https://www.23wxw.cc/html/53257/
我是地府大圣,https://www.23wxw.cc/html/53222/
鬼才王三,https://www.23wxw.cc/html/53188/
渡风杂货铺,https://www.23wxw.cc/html/53158/
我做鬼差勾魂的日子,https://www.23wxw.cc/html/53014/
殇彼岸,https://www.23wxw.cc/html/53008/
午夜行者,https://www.23wxw.cc/html/53002/
绝镜生,https://www.23wxw.cc/html/52993/
都市诡录上下策,https://www.23wxw.cc/html/52945/
我是地府大明星,https://www.23wxw.cc/html/52898/
无常使,https://www.23wxw.cc/html/52886/
和尚的格子铺,https://www.23wxw.cc/html/52865/
捉鬼龙王之极品强少,https://www.23wxw.cc/html/52859/
地狱拉尸匠,https://www.23wxw.cc/html/52857/
十里船,https://www.23wxw.cc/html/52846/
从满级开始的灵异生活,https://www.23wxw.cc/html/52842/
人鬼法则,https://www.23wxw.cc/html/52840/
日落不出行,https://www.23wxw.cc/html/52837/
极限循环,https://www.23wxw.cc/html/52828/
灵魂游曳,https://www.23wxw.cc/html/52821/
猎魔大师之冰王,https://www.23wxw.cc/html/52820/
灵异空间设计师,https://www.23wxw.cc/html/52816/
轮回抽奖鬼帝,https://www.23wxw.cc/html/52801/
子时说鬼,https://www.23wxw.cc/html/52788/
晴天手记,https://www.23wxw.cc/html/52784/
黑降头,https://www.23wxw.cc/html/52776/
鬼，我们结婚吧,https://www.23wxw.cc/html/52763/
深夜，别回头,https://www.23wxw.cc/html/52745/
凶煞恶灵,https://www.23wxw.cc/html/52744/
寻妖录之山海图,https://www.23wxw.cc/html/52741/
转轮境,https://www.23wxw.cc/html/52739/
寻魂档案,https://www.23wxw.cc/html/52736/
捉鬼大明星,https://www.23wxw.cc/html/52727/
最惊险的套路,https://www.23wxw.cc/html/52710/
风流极品小道士,https://www.23wxw.cc/html/52697/
地狱美食坊,https://www.23wxw.cc/html/52662/
美艳阎王爷,https://www.23wxw.cc/html/52654/
宿魔系铃人,https://www.23wxw.cc/html/52650/
异界秘境,https://www.23wxw.cc/html/52647/
无罪之证,https://www.23wxw.cc/html/52635/
美女天师的僵尸保镖,https://www.23wxw.cc/html/52630/
携度者,https://www.23wxw.cc/html/52607/
幽灵与少女与漫画,https://www.23wxw.cc/html/52605/
终极笔记,https://www.23wxw.cc/html/52590/
茅山术之不死人,https://www.23wxw.cc/html/52571/
极品捉鬼人,https://www.23wxw.cc/html/52536/
鬼推背,https://www.23wxw.cc/html/52532/
双瞳灵商,https://www.23wxw.cc/html/52524/
夺灵诡记,https://www.23wxw.cc/html/52501/
我的眼睛很神奇,https://www.23wxw.cc/html/52495/
夜半僵尸,https://www.23wxw.cc/html/52494/
逆光缉凶,https://www.23wxw.cc/html/52486/
爱上了一只鬼怎么办在线等挺急的,https://www.23wxw.cc/html/52479/
血漫僵山,https://www.23wxw.cc/html/52473/
聊天修真群,https://www.23wxw.cc/html/52463/
世袭鬼差,https://www.23wxw.cc/html/52450/
富鬼医院,https://www.23wxw.cc/html/52447/
鬼道狂医,https://www.23wxw.cc/html/52416/
异界诡事,https://www.23wxw.cc/html/52414/
魍魉行,https://www.23wxw.cc/html/52396/
走夜路的手艺,https://www.23wxw.cc/html/52387/
夜落拂晓,https://www.23wxw.cc/html/52386/
搬山寻龙匠,https://www.23wxw.cc/html/52355/
持枪走天下,https://www.23wxw.cc/html/52353/
尸姐,https://www.23wxw.cc/html/52346/
神木之僵,https://www.23wxw.cc/html/52335/
吾乃轮回第一人,https://www.23wxw.cc/html/52288/
考古风云,https://www.23wxw.cc/html/52280/
鬼佛爷,https://www.23wxw.cc/html/52249/
幽冥之书何,https://www.23wxw.cc/html/52228/
鬼脱皮之山海寻怪录,https://www.23wxw.cc/html/52214/
我为冥帝,https://www.23wxw.cc/html/52190/
紫薇讳之寻龙点穴,https://www.23wxw.cc/html/52179/
灵警阿宸,https://www.23wxw.cc/html/52177/
重生之猫妖传,https://www.23wxw.cc/html/52144/
凶棺,https://www.23wxw.cc/html/52081/
鬼眼通神,https://www.23wxw.cc/html/52024/
好人灵先生,https://www.23wxw.cc/html/51997/
非天转世,https://www.23wxw.cc/html/51996/
我的阴间手机,https://www.23wxw.cc/html/51963/
都市除鬼师,https://www.23wxw.cc/html/51922/
阴阳葬,https://www.23wxw.cc/html/51910/
死神的哈士奇,https://www.23wxw.cc/html/51890/
我在新加坡摆摊那些年,https://www.23wxw.cc/html/51878/
地府官方街边小店,https://www.23wxw.cc/html/51856/
第二黑暗,https://www.23wxw.cc/html/51724/
再生者游戏,https://www.23wxw.cc/html/51715/
死亡的噩梦轮回,https://www.23wxw.cc/html/51697/
图龙纪,https://www.23wxw.cc/html/51654/
都市夜行半身修罗,https://www.23wxw.cc/html/51629/
罪像,https://www.23wxw.cc/html/51582/
齐鲁豪侠,https://www.23wxw.cc/html/51580/
降罪,https://www.23wxw.cc/html/51579/
人间行道,https://www.23wxw.cc/html/51569/
鬼撒沙,https://www.23wxw.cc/html/51520/
花都极品小神棍,https://www.23wxw.cc/html/51497/
噩梦成神,https://www.23wxw.cc/html/51492/
我的左眼是阴眼,https://www.23wxw.cc/html/51452/
五世阴阳路,https://www.23wxw.cc/html/51446/
冥府道先生,https://www.23wxw.cc/html/51439/
深夜鬼食堂,https://www.23wxw.cc/html/51356/
血魄惊魂,https://www.23wxw.cc/html/51331/
骷髅国度,https://www.23wxw.cc/html/51325/
盗墓生死线,https://www.23wxw.cc/html/51307/
地府冥神,https://www.23wxw.cc/html/51303/
宅女侦探阿沐,https://www.23wxw.cc/html/51297/
神笔镇魔纪,https://www.23wxw.cc/html/51293/
灵异开启,https://www.23wxw.cc/html/51286/
来自地狱的使者先生,https://www.23wxw.cc/html/51268/
怨灵改造公司,https://www.23wxw.cc/html/51264/
黄泉店,https://www.23wxw.cc/html/51255/
三十二悬棺,https://www.23wxw.cc/html/51241/
猛鬼聊天群,https://www.23wxw.cc/html/51228/
无厘头侦探社,https://www.23wxw.cc/html/51210/
零异档案,https://www.23wxw.cc/html/51201/
阴间无路,https://www.23wxw.cc/html/51187/
重生道士,https://www.23wxw.cc/html/51184/
地狱杂货店：为你买单,https://www.23wxw.cc/html/51181/
噩海灵爵,https://www.23wxw.cc/html/51170/
灵异科学家,https://www.23wxw.cc/html/51168/
诛邪帝族,https://www.23wxw.cc/html/51166/
绝命禁忌,https://www.23wxw.cc/html/51155/
锁龙灵异志,https://www.23wxw.cc/html/51153/
幽冥之间,https://www.23wxw.cc/html/51148/
我和众生有个约定,https://www.23wxw.cc/html/51142/
阴阳眼之渡魂,https://www.23wxw.cc/html/51131/
人和鬼的故事,https://www.23wxw.cc/html/51130/
寻龙門,https://www.23wxw.cc/html/51106/
妙警贼探,https://www.23wxw.cc/html/51102/
绝境逃生,https://www.23wxw.cc/html/51084/
那些年鬼怪陆离,https://www.23wxw.cc/html/51079/
太平灵异录,https://www.23wxw.cc/html/51074/
我为鬼服务的那些日子,https://www.23wxw.cc/html/51021/
天书天下,https://www.23wxw.cc/html/51008/
超级无敌道士系统,https://www.23wxw.cc/html/51002/
梦道人,https://www.23wxw.cc/html/50995/
恐怖应用,https://www.23wxw.cc/html/50982/
凌玄证道录,https://www.23wxw.cc/html/50955/
我的一个盗墓朋友,https://www.23wxw.cc/html/50935/
欲望神曲,https://www.23wxw.cc/html/50929/
毒尸,https://www.23wxw.cc/html/50926/
沉默的逃离,https://www.23wxw.cc/html/50906/
鬼姑,https://www.23wxw.cc/html/50893/
别推我,https://www.23wxw.cc/html/50892/
抓鬼奇人,https://www.23wxw.cc/html/50879/
黄眼猎人,https://www.23wxw.cc/html/50872/
三流真探,https://www.23wxw.cc/html/50869/
玛丽苏事务所,https://www.23wxw.cc/html/50864/
超级萌鬼制造厂,https://www.23wxw.cc/html/50852/
这家店有鬼,https://www.23wxw.cc/html/50848/
逃出地狱岛,https://www.23wxw.cc/html/50833/
聊斋道士,https://www.23wxw.cc/html/50815/
调教阴间,https://www.23wxw.cc/html/50812/
有求必应屋,https://www.23wxw.cc/html/50791/
全能鬼灵附身系统,https://www.23wxw.cc/html/50789/
天下第一神探,https://www.23wxw.cc/html/50785/
卧底警探,https://www.23wxw.cc/html/50765/
彼岸居,https://www.23wxw.cc/html/50750/
支锅人,https://www.23wxw.cc/html/50748/
烈火救赎,https://www.23wxw.cc/html/50737/
怪异记事,https://www.23wxw.cc/html/50729/
七月半之惊魂涵洞,https://www.23wxw.cc/html/50716/
养鬼的人,https://www.23wxw.cc/html/50700/
阴仙儿,https://www.23wxw.cc/html/50692/
葬妖陵,https://www.23wxw.cc/html/50663/
斗爷,https://www.23wxw.cc/html/50646/
古墓禁地之诡瞳,https://www.23wxw.cc/html/50629/
尸瞳,https://www.23wxw.cc/html/50627/
这个世界有点古怪,https://www.23wxw.cc/html/50626/
轩辕神侍,https://www.23wxw.cc/html/50587/
我在淘宝卖灵衣,https://www.23wxw.cc/html/50512/
百鬼忆谈,https://www.23wxw.cc/html/50503/
天道鬼师,https://www.23wxw.cc/html/50501/
西游密记,https://www.23wxw.cc/html/50469/
靠鬼发财,https://www.23wxw.cc/html/50466/
镇妖异闻录,https://www.23wxw.cc/html/50465/
恐怖邮差,https://www.23wxw.cc/html/50462/
恐怖时刻,https://www.23wxw.cc/html/50418/
狩鬼大师,https://www.23wxw.cc/html/50416/
古墓迷局,https://www.23wxw.cc/html/50396/
杀戮美学,https://www.23wxw.cc/html/50385/
地狱直播路,https://www.23wxw.cc/html/50378/
鬼怪阴阳,https://www.23wxw.cc/html/50372/
修真术,https://www.23wxw.cc/html/50360/
灵魂饲养师之朱小山,https://www.23wxw.cc/html/50358/
落叶行,https://www.23wxw.cc/html/50350/
逍遥小僵尸,https://www.23wxw.cc/html/50338/
我为厉鬼,https://www.23wxw.cc/html/50336/
异记谜闻,https://www.23wxw.cc/html/50332/
多维谜案,https://www.23wxw.cc/html/50325/
通灵小法师,https://www.23wxw.cc/html/50317/
特别合作科,https://www.23wxw.cc/html/50294/
奈何桥上十七年,https://www.23wxw.cc/html/50292/
龙王再生,https://www.23wxw.cc/html/50281/
地狱大航海,https://www.23wxw.cc/html/50276/
黑暗吞蚀,https://www.23wxw.cc/html/50269/
驭宅记,https://www.23wxw.cc/html/50251/
灵异哪些事儿,https://www.23wxw.cc/html/50250/
借阴人,https://www.23wxw.cc/html/50231/
世尊地藏,https://www.23wxw.cc/html/50223/
我的新娘僵尸,https://www.23wxw.cc/html/50222/
天黑请变鬼,https://www.23wxw.cc/html/50221/
阴阳夺命录,https://www.23wxw.cc/html/50217/
夺命兔司机,https://www.23wxw.cc/html/50215/
灵魂喷涂,https://www.23wxw.cc/html/50211/
兲愧,https://www.23wxw.cc/html/50208/
极品魅族,https://www.23wxw.cc/html/50175/
不死祖僵路,https://www.23wxw.cc/html/50173/
页游道士系统,https://www.23wxw.cc/html/50168/
地府传媒,https://www.23wxw.cc/html/50160/
斗玄师,https://www.23wxw.cc/html/50150/
我的考古札记,https://www.23wxw.cc/html/50133/
千古掘秘,https://www.23wxw.cc/html/50101/
阴阳鬼法,https://www.23wxw.cc/html/50093/
第七猎神分队,https://www.23wxw.cc/html/50056/
我的诡异经历,https://www.23wxw.cc/html/50049/
极品全职道长,https://www.23wxw.cc/html/50038/
盗墓者的遥远旅途,https://www.23wxw.cc/html/50016/
尚不知他名姓,https://www.23wxw.cc/html/50012/
死亡召唤灵异所,https://www.23wxw.cc/html/50006/
地府神级主播,https://www.23wxw.cc/html/49992/
尸鬼召唤师,https://www.23wxw.cc/html/49982/
悚案之腥红禁地,https://www.23wxw.cc/html/49951/
荒鬼异录,https://www.23wxw.cc/html/49937/
一鬼之下,https://www.23wxw.cc/html/49934/
不一样的李二狗,https://www.23wxw.cc/html/49917/
拾遗杂记,https://www.23wxw.cc/html/49909/
外婆和我讲的故事,https://www.23wxw.cc/html/49893/
诡狩,https://www.23wxw.cc/html/49890/
六号诊室治疗记录,https://www.23wxw.cc/html/49853/
小书仙,https://www.23wxw.cc/html/49818/
段子手别盗墓,https://www.23wxw.cc/html/49816/
女鬼债主老婆,https://www.23wxw.cc/html/49804/
异界猎杀,https://www.23wxw.cc/html/49777/
最后一位驱魔师,https://www.23wxw.cc/html/49765/
守陵人之鬼门提督,https://www.23wxw.cc/html/49754/
坑爹系统又来了,https://www.23wxw.cc/html/49751/
捉鬼直播,https://www.23wxw.cc/html/49747/
冥狱包工头,https://www.23wxw.cc/html/49745/
鬼戏院,https://www.23wxw.cc/html/49732/
假货道士,https://www.23wxw.cc/html/49719/
与鬼魂打交道的日常,https://www.23wxw.cc/html/49698/
学院捉鬼天师,https://www.23wxw.cc/html/49685/
镇魂手机,https://www.23wxw.cc/html/49671/
死亡空间之游戏城,https://www.23wxw.cc/html/49664/
古墓探员系统,https://www.23wxw.cc/html/49659/
异灵始乱,https://www.23wxw.cc/html/49658/
光明街十三号,https://www.23wxw.cc/html/49649/
地府微信代理人,https://www.23wxw.cc/html/49637/
取魂诡,https://www.23wxw.cc/html/49635/
天亦可违,https://www.23wxw.cc/html/49619/
记诡行,https://www.23wxw.cc/html/49617/
恐怖售卖,https://www.23wxw.cc/html/49609/
4号恐怖宿舍楼,https://www.23wxw.cc/html/49565/
花见灵闻录,https://www.23wxw.cc/html/49564/
地府我为尊,https://www.23wxw.cc/html/49559/
梦寐已囚,https://www.23wxw.cc/html/49548/
冥弥之冢,https://www.23wxw.cc/html/49546/
鬼魂手机,https://www.23wxw.cc/html/49530/
驱邪者联盟,https://www.23wxw.cc/html/49514/
天黑狼人杀,https://www.23wxw.cc/html/49513/
乃木坂的阴阳师,https://www.23wxw.cc/html/49512/
阴阳先生之符师,https://www.23wxw.cc/html/49510/
镇阴符,https://www.23wxw.cc/html/49502/
阴阳诡计,https://www.23wxw.cc/html/49466/
毛尸古村,https://www.23wxw.cc/html/49457/
通灵美食家,https://www.23wxw.cc/html/49453/
尸影迷情,https://www.23wxw.cc/html/49434/
史上最强神棍,https://www.23wxw.cc/html/49431/
界脉,https://www.23wxw.cc/html/49416/
通灵之冥眼,https://www.23wxw.cc/html/49410/
不动尊冥王,https://www.23wxw.cc/html/49407/
寻人启事上的他,https://www.23wxw.cc/html/49377/
茅山降魔传,https://www.23wxw.cc/html/49340/
来自地府的手机,https://www.23wxw.cc/html/49335/
无上人偶师,https://www.23wxw.cc/html/49317/
捞尸诡事,https://www.23wxw.cc/html/49315/
寂静恐惧,https://www.23wxw.cc/html/49311/
阴阳饲养员,https://www.23wxw.cc/html/49308/
都市鬼差奇谈,https://www.23wxw.cc/html/49306/
秘墓疑云,https://www.23wxw.cc/html/49272/
半冥法师,https://www.23wxw.cc/html/49258/
九流手记,https://www.23wxw.cc/html/49251/
最强亡者荣耀系统,https://www.23wxw.cc/html/49249/
阴影鬼眼,https://www.23wxw.cc/html/49244/
阴阳三千鬼将,https://www.23wxw.cc/html/49242/
无限诡区,https://www.23wxw.cc/html/49215/
顾安和,https://www.23wxw.cc/html/49213/
黑化女主的生存法则,https://www.23wxw.cc/html/49207/
元力密码,https://www.23wxw.cc/html/49206/
霸道冥妻,https://www.23wxw.cc/html/49205/
都市无敌邪医,https://www.23wxw.cc/html/49203/
本源异能,https://www.23wxw.cc/html/49157/
我不是阴阳道士,https://www.23wxw.cc/html/49139/
圣卯君灵异故事,https://www.23wxw.cc/html/49134/
大明摸金校尉,https://www.23wxw.cc/html/49126/
猛鬼俱乐部,https://www.23wxw.cc/html/49122/
末世绝唱鬼之歌,https://www.23wxw.cc/html/49105/
阴云密码,https://www.23wxw.cc/html/49097/
那些发生过的怪事,https://www.23wxw.cc/html/49079/
冥狱的使者,https://www.23wxw.cc/html/49069/
神域空间,https://www.23wxw.cc/html/49067/
奇门探宝录,https://www.23wxw.cc/html/49065/
茅山养尸术,https://www.23wxw.cc/html/49053/
废材天师的夜车日记,https://www.23wxw.cc/html/49050/
祖传天师,https://www.23wxw.cc/html/49023/
太虚传人,https://www.23wxw.cc/html/49021/
叶氏伏魔录,https://www.23wxw.cc/html/49016/
苗疆后裔,https://www.23wxw.cc/html/49001/
极品超度师,https://www.23wxw.cc/html/48997/
茅山遗孤,https://www.23wxw.cc/html/48982/
妖怪学院灵异系,https://www.23wxw.cc/html/48976/
名侦探川路,https://www.23wxw.cc/html/48975/
深之瞳,https://www.23wxw.cc/html/48969/
昆虫作证谁是真正的罪犯,https://www.23wxw.cc/html/48966/
小道修行记,https://www.23wxw.cc/html/48961/
我是一个万能僵尸,https://www.23wxw.cc/html/48951/
奇异一梦,https://www.23wxw.cc/html/48950/
畸形秀,https://www.23wxw.cc/html/48948/
伯符的恐怖故事集,https://www.23wxw.cc/html/48942/
迴梦诡游,https://www.23wxw.cc/html/48931/
咒烛,https://www.23wxw.cc/html/48919/
漠海谜沙葬春棺,https://www.23wxw.cc/html/48897/
血烙印,https://www.23wxw.cc/html/48896/
灵异痞探,https://www.23wxw.cc/html/48868/
异念间,https://www.23wxw.cc/html/48843/
寻宝惊险记,https://www.23wxw.cc/html/48842/
举国,https://www.23wxw.cc/html/48824/
我爸爸是孙悟空,https://www.23wxw.cc/html/48805/
乡村道人,https://www.23wxw.cc/html/48750/
绝望开端,https://www.23wxw.cc/html/48737/
刃魂者,https://www.23wxw.cc/html/48736/
凶怨,https://www.23wxw.cc/html/48701/
夜黑惊魂,https://www.23wxw.cc/html/48700/
十二秘录,https://www.23wxw.cc/html/48643/
夜郎古国传说,https://www.23wxw.cc/html/48632/
鬼面异闻,https://www.23wxw.cc/html/48623/
夜半莫谈鬼,https://www.23wxw.cc/html/48617/
我的左眼与右眼,https://www.23wxw.cc/html/48615/
阴鬼同路者,https://www.23wxw.cc/html/48610/
我的巫女妈妈,https://www.23wxw.cc/html/48580/
尸鬼小区,https://www.23wxw.cc/html/48572/
欢笑，泥沙乐园,https://www.23wxw.cc/html/48559/
猛鬼申冤,https://www.23wxw.cc/html/48549/
三界鬼道士,https://www.23wxw.cc/html/48541/
我的成鬼之路,https://www.23wxw.cc/html/48520/
鬼故事集结号,https://www.23wxw.cc/html/48516/
阴间包工头,https://www.23wxw.cc/html/48506/
极阳体,https://www.23wxw.cc/html/48449/
极度诡怪,https://www.23wxw.cc/html/48438/
大话阴阳,https://www.23wxw.cc/html/48416/
极品巫医系统,https://www.23wxw.cc/html/48411/
直播抓鬼的那些年,https://www.23wxw.cc/html/48397/
四灵玦,https://www.23wxw.cc/html/48396/
我有一只全能冥瞳,https://www.23wxw.cc/html/48389/
盗墓时空,https://www.23wxw.cc/html/48386/
述异纪,https://www.23wxw.cc/html/48385/
我的神凰女友,https://www.23wxw.cc/html/48378/
阴间特使,https://www.23wxw.cc/html/48365/
绝美冥妻之问道,https://www.23wxw.cc/html/48350/
阎罗王在人间,https://www.23wxw.cc/html/48347/
我做阴阳先生那些事,https://www.23wxw.cc/html/48344/
平安京妖怪奇谭,https://www.23wxw.cc/html/48335/
惊天尸变,https://www.23wxw.cc/html/48275/
我就是僵尸,https://www.23wxw.cc/html/48244/
血继灵徒,https://www.23wxw.cc/html/48235/
贩鬼超市,https://www.23wxw.cc/html/48212/
灵异先生记,https://www.23wxw.cc/html/48200/
妖星箓,https://www.23wxw.cc/html/48199/
长生僵王,https://www.23wxw.cc/html/48193/
冥棺鬼语,https://www.23wxw.cc/html/48185/
尸位素餐,https://www.23wxw.cc/html/48183/
灵零堂之百鬼夜行,https://www.23wxw.cc/html/48177/
传奇天王系统,https://www.23wxw.cc/html/48169/
大学灵异侦探社,https://www.23wxw.cc/html/48144/
中郎印,https://www.23wxw.cc/html/48110/
梦断凶机,https://www.23wxw.cc/html/48086/
我是地府大钦差,https://www.23wxw.cc/html/48080/
我当神棍的那些年,https://www.23wxw.cc/html/48077/
重生风水先生,https://www.23wxw.cc/html/48054/
法师白夜,https://www.23wxw.cc/html/48046/
恶灵书社,https://www.23wxw.cc/html/48030/
无姓之人，亡命天涯,https://www.23wxw.cc/html/48025/
铲尸人,https://www.23wxw.cc/html/47991/
追踪神秘怪兽,https://www.23wxw.cc/html/47985/
六道渡鬼,https://www.23wxw.cc/html/47970/
墓野寻踪,https://www.23wxw.cc/html/47960/
湘西道士,https://www.23wxw.cc/html/47957/
猫的怨恨,https://www.23wxw.cc/html/47955/
灵谲,https://www.23wxw.cc/html/47948/
我的极品萝莉鬼女友,https://www.23wxw.cc/html/47934/
都市驱鬼人,https://www.23wxw.cc/html/47885/
探道险境,https://www.23wxw.cc/html/47883/
捕鬼笑谈,https://www.23wxw.cc/html/47871/
诡梦轮回,https://www.23wxw.cc/html/47870/
掘墓逢生,https://www.23wxw.cc/html/47863/
鬼墓传说,https://www.23wxw.cc/html/47821/
邻家有鬼初长成,https://www.23wxw.cc/html/47812/
铁血道士柔情刀,https://www.23wxw.cc/html/47811/
荒外女尸,https://www.23wxw.cc/html/47808/
恐怖的矩阵世界,https://www.23wxw.cc/html/47799/
厉鬼进行时,https://www.23wxw.cc/html/47789/
幽灵程序,https://www.23wxw.cc/html/47787/
寻找龙图腾,https://www.23wxw.cc/html/47781/
最后一个鬼道传人,https://www.23wxw.cc/html/47774/
亮宝,https://www.23wxw.cc/html/47740/
无名生死簿,https://www.23wxw.cc/html/47737/
死灵法尸,https://www.23wxw.cc/html/47734/
爱兰德岛,https://www.23wxw.cc/html/47709/
五阴,https://www.23wxw.cc/html/47704/
页游道士见鬼录,https://www.23wxw.cc/html/47702/
乱葬山,https://www.23wxw.cc/html/47693/
诡鉴,https://www.23wxw.cc/html/47671/
捉鬼传承系统,https://www.23wxw.cc/html/47653/
我的风水师生涯,https://www.23wxw.cc/html/47644/
古物纪,https://www.23wxw.cc/html/47638/
贞瞳,https://www.23wxw.cc/html/47625/
摸金至尊,https://www.23wxw.cc/html/47605/
草木奇谈,https://www.23wxw.cc/html/47602/
捡个僵尸当媳妇,https://www.23wxw.cc/html/47590/
夜语舞歌,https://www.23wxw.cc/html/47579/
九阴杀鬼,https://www.23wxw.cc/html/47569/
捕尸人,https://www.23wxw.cc/html/47567/
鬼眼驱魔人,https://www.23wxw.cc/html/47565/
进禄加棺,https://www.23wxw.cc/html/47529/
阴阳先生之龙纹天师,https://www.23wxw.cc/html/47528/
重生之极品鬼王,https://www.23wxw.cc/html/47524/
活人典当,https://www.23wxw.cc/html/47517/
船灵,https://www.23wxw.cc/html/47485/
英叔后人灵异录,https://www.23wxw.cc/html/47470/
我当阴阳先生的生涯,https://www.23wxw.cc/html/47431/
世界上有鬼吗,https://www.23wxw.cc/html/47403/
怨灵捕手,https://www.23wxw.cc/html/47384/
异灵侦查官,https://www.23wxw.cc/html/47383/
通灵记事录,https://www.23wxw.cc/html/47371/
蚩尤在向魔窟进发的路上,https://www.23wxw.cc/html/47354/
超级鬼尸,https://www.23wxw.cc/html/47351/
人间有灵,https://www.23wxw.cc/html/47347/
三国那些事儿之僵尸之乱,https://www.23wxw.cc/html/47346/
灵之异眼,https://www.23wxw.cc/html/47343/
撞鬼之人,https://www.23wxw.cc/html/47331/
东方玄奇故事,https://www.23wxw.cc/html/47326/
致命鬼物,https://www.23wxw.cc/html/47317/
带着系统去降妖除魔,https://www.23wxw.cc/html/47311/
道门鬼差,https://www.23wxw.cc/html/47290/
神不在的都市,https://www.23wxw.cc/html/47281/
玄胤决,https://www.23wxw.cc/html/47279/
鬼来福,https://www.23wxw.cc/html/47264/
那些年我的捉鬼生涯,https://www.23wxw.cc/html/47248/
做活,https://www.23wxw.cc/html/47229/
恐怖出演,https://www.23wxw.cc/html/47225/
鬼恠记,https://www.23wxw.cc/html/47212/
深山寻宝记,https://www.23wxw.cc/html/47203/
血夜之神,https://www.23wxw.cc/html/47187/
仙之若隐,https://www.23wxw.cc/html/47174/
侠客通灵,https://www.23wxw.cc/html/47163/
阴阳冥鬼,https://www.23wxw.cc/html/47150/
都市极品捉鬼系统,https://www.23wxw.cc/html/47108/
歌妖,https://www.23wxw.cc/html/47096/
马文日记,https://www.23wxw.cc/html/47080/
至上天师,https://www.23wxw.cc/html/47058/
D市档案,https://www.23wxw.cc/html/47020/
末世黑暗黎明,https://www.23wxw.cc/html/47019/
张天师的血瞳新娘,https://www.23wxw.cc/html/47006/
幽魂之界,https://www.23wxw.cc/html/46990/
奇葩捉鬼录,https://www.23wxw.cc/html/46965/
鬼怪密事,https://www.23wxw.cc/html/46962/
棺运亨达,https://www.23wxw.cc/html/46957/
鬼打更,https://www.23wxw.cc/html/46931/
巡夜人日志,https://www.23wxw.cc/html/46888/
恐怖杂志社,https://www.23wxw.cc/html/46853/
绝色村姑会捉鬼,https://www.23wxw.cc/html/46839/
末日冰凉,https://www.23wxw.cc/html/46835/
死神监察日记,https://www.23wxw.cc/html/46821/
降妖除魔吧！小道士,https://www.23wxw.cc/html/46807/
葬天墓海,https://www.23wxw.cc/html/46806/
现代猎魔人,https://www.23wxw.cc/html/46800/
阴阳界之图影陌寒,https://www.23wxw.cc/html/46792/
玄门秘史：十八层妖楼,https://www.23wxw.cc/html/46784/
都市之灵侦嗅探,https://www.23wxw.cc/html/46760/
超级捉鬼道长,https://www.23wxw.cc/html/46736/
带着女友去盗墓,https://www.23wxw.cc/html/46709/
通灵高手榜,https://www.23wxw.cc/html/46693/
学校的陈年旧事,https://www.23wxw.cc/html/46682/
无尽恐怖世界,https://www.23wxw.cc/html/46681/
魂出没,https://www.23wxw.cc/html/46651/
地府俏阎君,https://www.23wxw.cc/html/46641/
踏上阴间路,https://www.23wxw.cc/html/46596/
冥界警监,https://www.23wxw.cc/html/46587/
神迹寻踪之地狱之门,https://www.23wxw.cc/html/46582/
魂海传记,https://www.23wxw.cc/html/46581/
麻衣道术,https://www.23wxw.cc/html/46575/
医圣传承之苍穹之下,https://www.23wxw.cc/html/46534/
地狱转生,https://www.23wxw.cc/html/46527/
我在大学学捉鬼,https://www.23wxw.cc/html/46520/
魔鬼手机,https://www.23wxw.cc/html/46510/
守夜人诡谭,https://www.23wxw.cc/html/46493/
幽灵大律师,https://www.23wxw.cc/html/46477/
我在东北当仙儿的三十九年,https://www.23wxw.cc/html/46467/
荒域求生,https://www.23wxw.cc/html/46455/
摸金贼的前世今生,https://www.23wxw.cc/html/46453/
潇洒鬼医,https://www.23wxw.cc/html/46431/
我的老婆是阴阳人,https://www.23wxw.cc/html/46411/
圣荫,https://www.23wxw.cc/html/46396/
我的24万小时,https://www.23wxw.cc/html/46387/
阴阳刀捕,https://www.23wxw.cc/html/46347/
冥界超市,https://www.23wxw.cc/html/46346/
轮回百闻,https://www.23wxw.cc/html/46343/
女校养成日记,https://www.23wxw.cc/html/46336/
未知暗界,https://www.23wxw.cc/html/46331/
鬼瞳除魔,https://www.23wxw.cc/html/46318/
活死人之小镇惊变,https://www.23wxw.cc/html/46317/
别触碰白骨里绽放的花朵,https://www.23wxw.cc/html/46280/
命格五玄,https://www.23wxw.cc/html/46274/
棺魂,https://www.23wxw.cc/html/46265/
阴兵鬼符,https://www.23wxw.cc/html/46263/
心经易数,https://www.23wxw.cc/html/46210/
女鬼契约,https://www.23wxw.cc/html/46200/
小隐隐于野,https://www.23wxw.cc/html/46197/
玄天师,https://www.23wxw.cc/html/46193/
极品阴婚人,https://www.23wxw.cc/html/46185/
猛鬼死亡游戏,https://www.23wxw.cc/html/46148/
隐世危机,https://www.23wxw.cc/html/46146/
拘影,https://www.23wxw.cc/html/46124/
阴阳清洁工,https://www.23wxw.cc/html/46122/
最后一个鬼修,https://www.23wxw.cc/html/46113/
最强遣灵师,https://www.23wxw.cc/html/46111/
阴阳调查师,https://www.23wxw.cc/html/46070/
49号诡案录,https://www.23wxw.cc/html/46068/
天机定格,https://www.23wxw.cc/html/46065/
不化之骨,https://www.23wxw.cc/html/46041/
三天两头遇见鬼,https://www.23wxw.cc/html/46039/
诸仙魔道,https://www.23wxw.cc/html/46035/
鬼道帝主,https://www.23wxw.cc/html/46030/
妖魔鬼怪在哪里,https://www.23wxw.cc/html/46024/
超品异兽图鉴,https://www.23wxw.cc/html/46018/
尸姐很凶,https://www.23wxw.cc/html/46012/
都市捉鬼学生,https://www.23wxw.cc/html/45979/
弃罪,https://www.23wxw.cc/html/45974/
觅仙墓,https://www.23wxw.cc/html/45962/
暗夜异闻录,https://www.23wxw.cc/html/45958/
寻鬼夺命,https://www.23wxw.cc/html/45931/
解怨录,https://www.23wxw.cc/html/45921/
净灵使者,https://www.23wxw.cc/html/45915/
游戏逃离,https://www.23wxw.cc/html/45912/
设局者,https://www.23wxw.cc/html/45869/
道家学院,https://www.23wxw.cc/html/45859/
绝色冥妻,https://www.23wxw.cc/html/45855/
大风水门,https://www.23wxw.cc/html/45835/
诡命人,https://www.23wxw.cc/html/45812/
花开解语,https://www.23wxw.cc/html/45810/
鬼，要我的命,https://www.23wxw.cc/html/45787/
掘棺,https://www.23wxw.cc/html/45779/
以梦致敬,https://www.23wxw.cc/html/45768/
鬼名冊,https://www.23wxw.cc/html/45756/
诡术先生,https://www.23wxw.cc/html/45729/
妖姬魅影,https://www.23wxw.cc/html/45724/
绝望之国,https://www.23wxw.cc/html/45723/
行道人间,https://www.23wxw.cc/html/45692/
茅山密传,https://www.23wxw.cc/html/45651/
奇门现代录,https://www.23wxw.cc/html/45647/
西陵旧事,https://www.23wxw.cc/html/45637/
阴骨,https://www.23wxw.cc/html/45625/
阴阳三眼人,https://www.23wxw.cc/html/45624/
夜半诡事,https://www.23wxw.cc/html/45623/
鬼录奇谈,https://www.23wxw.cc/html/45620/
消失的老婆,https://www.23wxw.cc/html/45269/
诡当道,https://www.23wxw.cc/html/45268/
湘西轶事,https://www.23wxw.cc/html/41208/
无尽宇宙的征程,https://www.23wxw.cc/html/40579/
虚空游轮,https://www.23wxw.cc/html/40571/
民俗调查厅,https://www.23wxw.cc/html/40554/
如影随行,https://www.23wxw.cc/html/40553/
掠夺在诸天世界,https://www.23wxw.cc/html/40551/
诡事记,https://www.23wxw.cc/html/40539/
快穿女配：反派BOSS，强势撩,https://www.23wxw.cc/html/40483/
末世女主宰：兵王的最强萌妻,https://www.23wxw.cc/html/40298/
末世：轮回重生,https://www.23wxw.cc/html/40270/
梦境世界大具现,https://www.23wxw.cc/html/40268/
末日轮回者,https://www.23wxw.cc/html/40264/
殡仪馆之灵异事件簿,https://www.23wxw.cc/html/40220/
快穿：总裁攻略手册,https://www.23wxw.cc/html/40203/
圣临诸天,https://www.23wxw.cc/html/40202/
黑虫蛊,https://www.23wxw.cc/html/40142/
快穿系统：男神养成手册,https://www.23wxw.cc/html/40079/
和女上司荒岛求生的日子,https://www.23wxw.cc/html/40074/
阴阳眼之渡灵者,https://www.23wxw.cc/html/40070/
诡异宿舍,https://www.23wxw.cc/html/39330/
神灵禁地,https://www.23wxw.cc/html/39273/
夜半尸妆,https://www.23wxw.cc/html/39270/
屌丝小道士,https://www.23wxw.cc/html/39250/
茅山异闻录,https://www.23wxw.cc/html/39164/
昆仑秘境,https://www.23wxw.cc/html/39088/
这只泰迪暖暖哒[综],https://www.23wxw.cc/html/38688/
爱上阴司大人,https://www.23wxw.cc/html/38591/
阴阳大公子,https://www.23wxw.cc/html/38140/
我的倾城妖夫,https://www.23wxw.cc/html/37052/
虐恋惊婚，神秘总裁很专情,https://www.23wxw.cc/html/36734/
亿万继承者，帝少的甜妻,https://www.23wxw.cc/html/36471/
凶宅鬼探,https://www.23wxw.cc/html/36182/
诡镯,https://www.23wxw.cc/html/35692/
亡道,https://www.23wxw.cc/html/35451/
人间鬼事,https://www.23wxw.cc/html/35370/
冥财,https://www.23wxw.cc/html/35199/
绝命香魂,https://www.23wxw.cc/html/34911/
阴阳神算,https://www.23wxw.cc/html/34653/
诡灵道士,https://www.23wxw.cc/html/33702/
男人禁地,https://www.23wxw.cc/html/32826/
星域战纪,https://www.23wxw.cc/html/32401/
墓中夫,https://www.23wxw.cc/html/32310/
尸妹,https://www.23wxw.cc/html/32306/
娶个山村女尸做老婆,https://www.23wxw.cc/html/32220/
诡灵道士,https://www.23wxw.cc/html/32164/
重生之心理罪宗,https://www.23wxw.cc/html/32089/
前世今生之冥夫,https://www.23wxw.cc/html/32009/
人鬼变,https://www.23wxw.cc/html/31523/
妾有幂胎,https://www.23wxw.cc/html/31343/
女总裁的最强保镖,https://www.23wxw.cc/html/30292/
我的冰冷女校长,https://www.23wxw.cc/html/27708/
馗道传人,https://www.23wxw.cc/html/17403/
造化之瞳,https://www.23wxw.cc/html/17380/
阴缘难挡,https://www.23wxw.cc/html/17329/
死亡都市,https://www.23wxw.cc/html/17298/
生死门,https://www.23wxw.cc/html/17295/
咒缚侦探,https://www.23wxw.cc/html/17290/
青衣蛇蛊,https://www.23wxw.cc/html/16744/
祖咒,https://www.23wxw.cc/html/16544/
冥夫诡妻,https://www.23wxw.cc/html/16543/
邪骨,https://www.23wxw.cc/html/16292/
风生水起,https://www.23wxw.cc/html/16244/
药佛王,https://www.23wxw.cc/html/16194/
茅山后裔,https://www.23wxw.cc/html/16191/
阴缘难逃,https://www.23wxw.cc/html/15865/
欧皇,https://www.23wxw.cc/html/15626/
平行万宙,https://www.23wxw.cc/html/14328/
位面附身大师,https://www.23wxw.cc/html/14029/
古龙清棺,https://www.23wxw.cc/html/13470/
通灵诡医,https://www.23wxw.cc/html/13397/
黄泉收尸人,https://www.23wxw.cc/html/13376/
阴人当道,https://www.23wxw.cc/html/13265/
我欠阎王一百万,https://www.23wxw.cc/html/13184/
灵车-堂前雁-Wangchao Shoufa,https://www.23wxw.cc/html/13067/
阴司手记,https://www.23wxw.cc/html/13049/
我在阳间当阴差,https://www.23wxw.cc/html/13027/
诡都异谈,https://www.23wxw.cc/html/13022/
三道符,https://www.23wxw.cc/html/12890/
魑魅烙铭,https://www.23wxw.cc/html/12853/
古墓笔录,https://www.23wxw.cc/html/12726/
冒牌大师遇上鬼,https://www.23wxw.cc/html/12548/
死人骨,https://www.23wxw.cc/html/12489/
纸花店秘录,https://www.23wxw.cc/html/12397/
诡码卷宗,https://www.23wxw.cc/html/12390/
尸契,https://www.23wxw.cc/html/12323/
血祭：阴妻回魂,https://www.23wxw.cc/html/12197/
上门阴夫太霸道,https://www.23wxw.cc/html/12129/
抓鬼趁夜半,https://www.23wxw.cc/html/12093/
脱胎换骨,https://www.23wxw.cc/html/11848/
阴阳长生,https://www.23wxw.cc/html/11832/
凡尘判官,https://www.23wxw.cc/html/11822/
幽冥诡妻,https://www.23wxw.cc/html/11800/
我给阎王打小工,https://www.23wxw.cc/html/11794/
湘信有鬼,https://www.23wxw.cc/html/11675/
上古术巫之伏魔圣童,https://www.23wxw.cc/html/11630/
阴阳棺人,https://www.23wxw.cc/html/11572/
心脏止跳,https://www.23wxw.cc/html/11564/
诡画皮,https://www.23wxw.cc/html/11556/
美人蚀骨,https://www.23wxw.cc/html/11555/
我的十年盗墓生涯,https://www.23wxw.cc/html/11518/
招阴人,https://www.23wxw.cc/html/11505/
八行手记,https://www.23wxw.cc/html/11408/
妖道士,https://www.23wxw.cc/html/11386/
暗影追凶,https://www.23wxw.cc/html/11298/
阴长生,https://www.23wxw.cc/html/11271/
冥夫要乱来,https://www.23wxw.cc/html/11240/
古墓掘迹,https://www.23wxw.cc/html/11236/
纹身店诡事,https://www.23wxw.cc/html/11232/
断魂坡,https://www.23wxw.cc/html/11191/
名天师阴十三,https://www.23wxw.cc/html/11161/
魍魉诡谈,https://www.23wxw.cc/html/11140/
秘密谋杀,https://www.23wxw.cc/html/11113/
阴娘,https://www.23wxw.cc/html/11037/
春城蜡染阴缘,https://www.23wxw.cc/html/10974/
茅山后裔,https://www.23wxw.cc/html/10964/
灰色漩涡,https://www.23wxw.cc/html/10876/
绝美尸娘,https://www.23wxw.cc/html/10754/
异度笔记本,https://www.23wxw.cc/html/10734/
我有一个诡老婆,https://www.23wxw.cc/html/10729/
嫁金蚕,https://www.23wxw.cc/html/10652/
诡门秘事,https://www.23wxw.cc/html/10638/
尸香门第,https://www.23wxw.cc/html/10621/
麻衣神算子,https://www.23wxw.cc/html/10589/
阴灵戏,https://www.23wxw.cc/html/10453/
全职狐狸仙,https://www.23wxw.cc/html/10450/
先生来了,https://www.23wxw.cc/html/10357/
触墓惊心,https://www.23wxw.cc/html/10355/
无赖冥夫缠上我,https://www.23wxw.cc/html/10247/
灵瞳,https://www.23wxw.cc/html/10114/
借胎,https://www.23wxw.cc/html/10097/
尸香噬魂,https://www.23wxw.cc/html/10004/
红娘子,https://www.23wxw.cc/html/9957/
柳下阴,https://www.23wxw.cc/html/9953/
复活之战斗在第三帝国,https://www.23wxw.cc/html/9945/
奥秘之地,https://www.23wxw.cc/html/9899/
一夜冥妻,https://www.23wxw.cc/html/9890/
影视世界游记,https://www.23wxw.cc/html/9833/
阴蛊蚀魂,https://www.23wxw.cc/html/9812/
罗布泊禁地之咒,https://www.23wxw.cc/html/9636/
博弈,https://www.23wxw.cc/html/9634/
龙女传说,https://www.23wxw.cc/html/9586/
家有萌夫：傲娇鬼惹不起,https://www.23wxw.cc/html/8764/
混个神仙当当,https://www.23wxw.cc/html/8531/
冥妻的秘密,https://www.23wxw.cc/html/8430/
审判者,https://www.23wxw.cc/html/8428/
寻龙档案,https://www.23wxw.cc/html/8426/
极品摸金手,https://www.23wxw.cc/html/8385/
人性禁岛,https://www.23wxw.cc/html/8351/
巫当道,https://www.23wxw.cc/html/8306/
邪门儿,https://www.23wxw.cc/html/8215/
犯罪心理：罪与罚,https://www.23wxw.cc/html/8204/
阴阳师秘事,https://www.23wxw.cc/html/8181/
古井观传奇,https://www.23wxw.cc/html/8172/
阴人勿扰,https://www.23wxw.cc/html/8119/
阴阳事,https://www.23wxw.cc/html/8113/
活人祭,https://www.23wxw.cc/html/8104/
美人尸香,https://www.23wxw.cc/html/8092/
出神,https://www.23wxw.cc/html/8001/
民调局异闻录之勉传,https://www.23wxw.cc/html/7997/
除灵档案,https://www.23wxw.cc/html/7943/
人间地狱,https://www.23wxw.cc/html/7930/
我在泰国卖佛牌的那几年,https://www.23wxw.cc/html/7875/
捉蛊记,https://www.23wxw.cc/html/7874/
高冷冥夫：和你生个娃,https://www.23wxw.cc/html/7814/
祭道天师,https://www.23wxw.cc/html/7513/
妖妻倾城,https://www.23wxw.cc/html/7503/
动力王朝,https://www.23wxw.cc/html/7488/
小女子的疯狂人生,https://www.23wxw.cc/html/681/
